params = [[0.9865715247619858, 1.0142927349482853, 1.0820060583077216, 1.1321754467053822, 0.8588942959260731, 1.074082874360176, 1.0740402674228167, 1.1430009704753776, 0.8760840546491502, 0.9554474162007867, 0.9079872861620115, 0.8850967164507983, 1.1199297229864942, 0.9768754157129182], [1.0845194722230134, 1.0166139312094031, 0.8878597116992839, 0.9846430456398483, 0.9682492062420314, 1.015821045063325, 0.870061476269376, 0.8822827410928498, 1.0072024644587478, 0.9339720457726803, 0.9145878758008159, 0.9638704770493124, 1.023154356075771, 0.9345334546944054], [0.9778420659731373, 1.0365989771772226, 1.118259076722831, 1.1198518498003758, 1.140013954417002, 0.8775464804382406, 0.9736461321689106, 0.9693584079585187, 0.8748653106295392, 0.9090386100420124, 0.8700236045579034, 0.8990420118195712, 0.9410325963867145, 0.9391323550238947], [1.142967660269618, 1.1123515184785733, 0.8949099888350626, 1.0245933379707843, 0.8555192192762696, 1.070009023040475, 1.110297585801419, 0.9238005680876076, 0.9421897554663105, 1.025507644585006, 1.0870779845870113, 0.9988359949524006, 0.8646027074147269, 0.9815576246934443], [0.9190677750958598, 1.1306883436518318, 1.0767103584928877, 1.0272615969255456, 1.032870843592465, 1.0932068189321504, 0.9690049616138415, 0.9686310062492709, 1.1041340429408613, 1.036142927290917, 1.1473311549808696, 0.9085824302697715, 1.0587484743412217, 1.1003597473559417], [1.0896990067432557, 0.9902197240149591, 0.9224590315556221, 0.8643101849722021, 0.8528092981646064, 1.0095713220493538, 1.024298297852627, 1.136632516508206, 1.1309748461782958, 0.8739266268594585, 1.0590907453361824, 0.9241709337667217, 1.0927541185198615, 1.0439189471098431], [0.9278211535585336, 0.9035976595490651, 1.0693708387210714, 0.9933306000285441, 1.0015815324521604, 0.9489841813913186, 0.9426003946376175, 0.8817624650885568, 1.1485884752389535, 0.9117168159083469, 1.1197716520661782, 1.0960948895837526, 0.9544049669722781, 0.902707223901169], [1.0037154348751713, 1.1350562318848898, 0.919582985495228, 1.0692796389431205, 0.989545153083372, 1.1018422062686946, 1.1499666513014275, 0.8636374474965854, 1.0507389823053461, 0.9094611293500889, 0.9118017405398793, 0.9333741606593842, 0.9964491213658214, 0.9027669445848345], [0.9436924556668203, 1.0762680713877393, 1.1008053454238529, 0.9820020973701551, 0.8990424100892955, 0.900429550215355, 1.0918422382763973, 1.0360676938655509, 0.9038014848972374, 0.9307985474632663, 1.0880537742866707, 0.8869481666541865, 1.14190769498639, 0.8881710901834642], [1.149105192321251, 1.0291393663619814, 0.8938641037880448, 0.9300639483904523, 0.9330759684535506, 0.8502348666043178, 1.0238145377413637, 0.8834688600021202, 0.9190225388099218, 0.8604524469163894, 0.9280640755340627, 0.8766195803414757, 0.8940191438582548, 0.9303794607068435], [1.118183038701906, 1.0948439978759419, 1.0514441679802458, 1.1294145896197527, 0.9718992738705913, 1.0490991831574685, 0.9401748558149301, 1.120081077037687, 1.0565175575127759, 1.0406947725332265, 0.8629511319244252, 1.042151724170175, 0.909803962869706, 0.9817218551170942], [0.877531875775569, 0.8709125718683333, 1.0803481956385503, 1.08522689652828, 0.8970598702744029, 0.9286055861668616, 0.9121919430489016, 1.116166849824253, 0.9700382010112669, 0.8566390144507618, 1.1484608094961266, 0.9742494355512937, 1.128288199690644, 0.8978239234129046], [1.0315190707173993, 0.9341696013715651, 1.0194120018293127, 1.0121546084609712, 1.042482654953245, 0.9347318944245234, 1.1452101800605226, 0.9982665455600885, 1.0799671094003458, 0.9487981131427077, 1.070804345734634, 0.8988221558390664, 1.0462873441771325, 0.9822305208442951], [1.0678714227693211, 0.8607181177307939, 1.118627030750534, 1.1093239652054416, 1.0060663196482975, 0.883037778300284, 1.03256307789464, 0.918399122027664, 0.8760604908897289, 1.0047363492698225, 0.9907700697844755, 1.1361611988246123, 1.134640968797695, 1.0694753246319109], [0.9596025310720695, 0.9887388796801801, 0.9350069810972595, 1.0440752820514534, 0.9977131973024114, 0.8728085781265449, 0.8843812513943689, 0.8542364119766406, 0.9524568179069359, 1.0269800925239525, 0.8826522595316763, 1.138515305802238, 0.8542117057649652, 1.0843279989857129], [1.0265511924562116, 1.0460529937932284, 1.049722719128322, 0.8789934834293692, 1.062546540375608, 0.9929542663715876, 1.1005442769611358, 1.1302870020954119, 1.0360028915243245, 1.1052534128486609, 0.9085052369278498, 1.1240848205261613, 1.0839769308001925, 1.1270426074257547], [0.9210857357038742, 1.1082769532096417, 1.0356205084191041, 1.1097498543485347, 0.9138327532530637, 0.9623052654142605, 1.1288731072551192, 0.8810253208973778, 0.8943053987321066, 0.883050403176546, 1.0723920573019519, 1.1417052442042646, 0.94248258437329, 0.9311349412159785], [1.049994057679449, 0.878449754830391, 0.9644598745902585, 1.0430157953624615, 0.9151587023362765, 0.9420798578120537, 0.9327930738449156, 0.8651746145953738, 0.8945199017928184, 0.8677335809517956, 1.1032396499865633, 1.0052411474166525, 0.8925380804732655, 1.0449314407440802], [0.8525778100322481, 1.0950027263758895, 1.101179541400683, 1.0933159180318055, 0.9335820657367742, 0.9891441325340409, 0.9347777210897346, 1.105275548750011, 0.9435655985631631, 0.9734588641257594, 0.9601470783841297, 1.121376803601866, 0.9368363336576616, 0.8690555429219268], [0.9218725460214093, 0.9054054870804694, 0.9680034287319828, 0.9839097804432745, 0.8868083444794064, 0.8681734876569462, 0.9691288531737307, 1.1108934572855855, 0.9906698341439457, 1.0300639821118907, 1.0979778767563986, 1.056635484019449, 1.0884752407799245, 1.050724699086428], [0.9413114668749349, 0.9161160292542327, 0.9760265399103007, 0.9383407205691062, 1.0950343488139471, 0.8814471484322074, 1.0015290988116157, 1.0404436568694464, 1.031267587084091, 1.0968195548289563, 0.8696355089391871, 0.8748039242540405, 0.8588016059939676, 0.8817583398316233], [1.061461450327994, 1.0527850377265358, 1.0272433990189933, 1.0430866387880482, 1.0298104658168543, 0.9564345397538386, 1.123602390543063, 1.071999299287165, 0.9938804529161912, 0.9303938426081922, 1.0190169984630328, 1.0217209685731508, 0.9310149566455541, 1.0780615114022372], [0.9226276688692343, 0.9871682364323723, 1.0353736960730373, 0.9416674948787013, 0.9124581094672923, 0.9549316385583686, 0.9815634546182849, 0.9098058728591149, 1.0904386176217649, 1.0642854764205714, 1.1037725626603223, 0.8872835348834889, 1.0158895099049046, 0.9454366837098873], [0.9838590252978983, 1.1265293195549158, 1.0349438812352563, 0.8825922157855028, 1.1457605998326263, 0.9780861205795826, 0.8763618987863568, 1.132617646398915, 0.9477306796402969, 1.051905575388195, 1.016650296725301, 1.1366370097646938, 1.039506207019022, 0.9374646338630158], [0.9971513427527343, 1.0644149810269137, 1.0960332345063901, 0.8871433600663986, 0.9094790171384453, 1.147942999145182, 1.1115823233284132, 0.8558081789615488, 1.1251533074976676, 1.1112022156951795, 0.9492815613190676, 0.9509484806860833, 0.8808448339006005, 0.9430267125686054], [0.9611443384397985, 0.9853714142837879, 1.1311830105953573, 0.8553070020080173, 1.1341463473701694, 0.981549328516927, 0.9174118711809067, 0.9191288316385557, 1.1487759285702546, 0.87867967859539, 0.9129861515896965, 0.8889603595638605, 1.0582036627357865, 1.0728717379666437], [0.9486766347722251, 1.1221111015818812, 1.0222292358888818, 0.9507574207713951, 1.0585481815797209, 1.0673098872178493, 1.0332396940362054, 0.9693987403039789, 0.9917608259012007, 1.1021015363198505, 0.9404323054348527, 1.009678408880361, 0.9812783534450605, 1.113063899701151], [1.1333682047204348, 1.0115398810170573, 0.9608331580352245, 0.9730999717531286, 0.8707143550021346, 1.0919860365601097, 1.0963722881000564, 1.0423523941096344, 1.1391976603355083, 0.9036606608102156, 1.0640506813352935, 0.9184994378930429, 0.8904736320441837, 0.8615870755580037], [0.8951768217560035, 0.9161075876847367, 0.8758102228487802, 1.100745832105436, 1.000398562731781, 0.9024194347895304, 0.9961249922314911, 1.0668833195509415, 1.0054674673176063, 1.1353232133028697, 0.8807693817867558, 0.9385059410769364, 0.9322416887998696, 1.058569900000243], [1.07622288713007, 0.8541347887115461, 0.8673285838777378, 1.0892092543654575, 0.9937943405683798, 1.1271235404696724, 1.0630437252839784, 1.0804809123732944, 1.1362457691977235, 0.9987396304986945, 0.8523872297892577, 0.9120898644965617, 0.9620590518581731, 0.9434555490510724], [0.9240868548454284, 0.8695547636400408, 0.8777499630379644, 1.0835707756979485, 1.12847950006902, 1.1069392182533209, 1.016518732574236, 0.9706343565889447, 0.9892224249936382, 0.9038894288732904, 0.9708962379598706, 0.9350842118860717, 0.8921417829089299, 1.1138709268037086], [0.8794505222040632, 0.9666264730234594, 0.9607728015593766, 0.8690940589455314, 1.0412891157196076, 0.9680476554112754, 0.9777524534091695, 0.9281714544545174, 1.0166858645483938, 0.99458771334097, 0.8660609814055044, 1.1078456170874011, 0.9646631064824114, 1.1126188753019908], [1.0405676793875793, 1.0084690158119125, 1.0289890942982796, 0.8729379623754366, 1.0694782113584935, 0.895398729249718, 1.013849131949536, 0.9857453053294329, 0.9891501618781555, 0.9261537215641513, 0.9827968676630531, 0.8940959747973724, 1.0525582319515168, 1.0678879462534667], [0.9342294622446722, 1.124016674063263, 0.8878689846824607, 1.0412458221470107, 0.977809412735815, 0.9365013100207242, 0.9351566555131136, 1.1140244495866516, 1.073124811644585, 1.096387879668239, 0.9225651922973952, 1.011450895941961, 0.9231803935776538, 1.0009429625909503], [1.0867823114982877, 0.9946663680047202, 0.8775328063381056, 1.0983386060129883, 0.8910335637371739, 0.9113969581615411, 0.8627071424997275, 1.105218337187834, 1.0394940235667747, 1.0345607686796081, 1.1275873505200933, 1.1270922807085384, 1.011215005412028, 1.0066300669870467], [0.9657746260036134, 1.0699134412072755, 1.1009778696101722, 1.0873066548433479, 0.9191846579073707, 1.1212480212188722, 0.9296411035104226, 0.8513700752722089, 0.9200492008740784, 0.9260174092110013, 1.0027130510455942, 1.1173963955790374, 0.9162370603655182, 1.0958497931021216], [1.0557846671626634, 0.934835357170438, 0.8527408184022692, 1.0769323225537222, 0.960795270409991, 0.9576391652445864, 1.0765791359739667, 0.983811127901753, 1.131421852611951, 1.0811421266989885, 0.9434870947872961, 0.8815822280630162, 1.0464292543904348, 1.0693011959571146], [0.9644399408019666, 1.104211112290118, 1.0456951728103192, 0.9310331393718289, 0.8553038273844343, 1.0305981214307203, 0.9350133059201422, 1.0095845038665685, 1.0361090297027327, 0.8923677917207223, 1.019856866842123, 1.0546092559968463, 1.023379937743164, 0.8944563019395407], [1.072799039806732, 0.8775966769614318, 0.9795906691541489, 1.0649410298664315, 0.8961061472498353, 1.120108784857598, 1.036683797484906, 0.9511900720677775, 1.1437525056030706, 1.1362745569189925, 0.9503878735589165, 1.149370025821728, 1.1286445463518686, 0.870644762183885], [0.8530245481277342, 1.1152072067306356, 1.0743508136141802, 1.1305030865769123, 0.9435356009715276, 1.0102998267683299, 1.0362574857527396, 0.9956813910576005, 1.0715139216918161, 1.0773220311473217, 1.0446916144187808, 0.9868968125517071, 0.9978202445219269, 0.8538977907679988], [0.8889170898833122, 1.0076757432326888, 1.010456694303577, 0.9516392307098519, 0.8560696016328491, 0.9857950296405382, 1.1007800565442682, 1.0003166797956902, 0.9118548367009911, 0.9798052369899988, 0.9657827540107147, 0.8908717364500626, 0.9233316715174036, 1.0059383162494857], [0.8742704704213965, 1.0321357078121514, 1.1488268079524429, 1.0528247848042396, 1.0349492204327373, 1.088661707540765, 0.9264528984441518, 1.036237635566668, 0.985002528865316, 0.9759774381151315, 0.940159781851364, 1.0367802544198803, 0.8904607358877581, 1.0047838454006977], [0.8789287814965918, 0.9705836361738573, 1.1426255037880235, 0.904110189110396, 1.120511489665264, 1.1294577650837527, 0.9736550685954717, 0.9088729012612075, 0.9600569685946897, 0.8889294657482182, 1.1452392381586012, 1.0890495451971947, 0.9328931289308547, 1.0218254706585772], [1.067502623906607, 1.1340374925312717, 0.963405507005582, 1.0333309425736739, 1.1193636324971659, 1.0447413076238565, 1.0132181854339615, 0.9522474602214065, 0.9844870711913004, 1.066587453242526, 1.068445102163671, 1.1334517318771455, 1.040081927956883, 0.9033144858300504], [0.9110227592398572, 1.131511859888495, 1.0547960116755273, 0.9147990000907887, 1.1188417359489087, 1.034499128220025, 1.0601308966101908, 1.0842982734798994, 0.9797855801002131, 1.02626932357096, 0.8853566535379073, 0.9232394132584366, 1.115137384754534, 1.0256249461429288], [0.8646736714478398, 1.1172497537813313, 0.8738677710033417, 0.9448340265545792, 1.1081791446753506, 0.8630726871181751, 1.0050945296069589, 0.875104873816644, 1.1015744859254384, 1.1215585426111638, 0.8945118895720372, 1.1262280307355426, 1.018841637178855, 1.0143623946495555], [0.8900688350478998, 1.0632522640996624, 1.1187318202848577, 0.9272149543796319, 1.0724139383528637, 1.0571411617500168, 1.146706750771878, 0.998178961108845, 1.1111320563189746, 0.9379859454832246, 1.0133434865371085, 0.9225355678511941, 0.9738809292251731, 1.0110943571620534], [0.9193176118542691, 1.0299119830503827, 1.0553082791358814, 0.9224141740546847, 0.9469197062822025, 0.9251953331145334, 0.982892758444768, 1.0256415205172669, 0.9738909819371326, 0.9546996334312269, 0.8641687510505992, 0.935529371352309, 0.976042191237835, 0.8867489255364842], [0.9453677115693213, 1.1095566017196556, 1.0635056834426417, 0.9018459614108587, 0.8989768474453365, 1.1262570220523438, 1.118193612139423, 1.0524536348584104, 1.091604635727089, 1.037852564307515, 1.1370973885778153, 1.1347672509382631, 0.9807505835980048, 0.8628241133580822], [1.0006090934704694, 0.9911749577884543, 1.0720025843857353, 1.0050557627651715, 0.9812798605664308, 1.1256066719169229, 1.1117211444607322, 1.0015415948370225, 0.990404291199283, 0.8869701608234113, 0.879512446532561, 0.8823315208514964, 1.1378061568766042, 1.0156881624502057], [0.868521668215619, 1.1314933839564336, 0.9540842716590935, 0.9471119869035644, 0.969517084353553, 0.9965243995261679, 1.0938477068606074, 0.9066231209418628, 0.8847984824084513, 0.8904336010383155, 0.9659839145686852, 1.003513180177142, 1.0507538490399457, 1.1249185532243011], [0.9137106313568977, 1.1196776458479993, 1.0099686125319294, 1.0427326561970558, 1.110061975789292, 0.9814559977872694, 1.1152470033097925, 0.8867627542000129, 1.0104865493121102, 0.9130956734562528, 0.879369322601812, 1.1047859453743183, 1.101543563430909, 1.1404908380477021], [0.9569864292964194, 0.8705592689435693, 1.1109554325620858, 0.9355980848058462, 0.9203941600705803, 0.9545026922889803, 1.0522701942818007, 1.1152372241189177, 0.9703756043125752, 1.132162330642385, 1.0161004762672468, 0.912630137523176, 0.9121686720400315, 1.11515441858449], [1.0099825830879987, 0.9401216837295213, 0.8723057937083415, 0.9324079358058673, 1.125059009373225, 1.0630154903751747, 1.0667029605560208, 1.0495818727278494, 1.0248465634271233, 0.9031162972005536, 1.1401505460393393, 0.8960172899788978, 1.0021802684549577, 1.0258069841027306], [0.9223913853870057, 0.9062830998762416, 1.0853722525473823, 0.8916103333342761, 1.125570759999481, 0.9912483158809845, 1.0614044105578415, 0.9507779035827822, 1.1286059218070137, 0.8974618184409262, 1.029653977070103, 1.1306442286583653, 0.992239516408063, 1.0380399615553295], [1.0932151370425887, 0.9132324795025099, 0.9629140452361065, 1.012404778950099, 0.9891463799405322, 1.0491999522759388, 0.9336862774976433, 0.9215217116772993, 1.1197281245569135, 0.9543349318251942, 0.9508306033740425, 1.125604222280111, 1.1408963643708585, 1.0830086009305482], [0.8699920981284319, 0.9153195897392317, 0.8524343076301741, 0.8862545821109838, 0.9402246423533693, 1.0007484262905517, 0.9991032047071801, 1.0097448844680503, 0.9833307323271446, 1.1136236080838278, 0.9583387096322793, 0.9046769088079277, 0.8793021798302098, 0.8935631544260556], [0.929197238612295, 0.8651919000870759, 1.1331888154410559, 0.8894950206539635, 1.0086952893012577, 1.0330330546786033, 0.9212382733964399, 0.8768158234694907, 1.0501410275159078, 1.0524433971893008, 1.0538788201131828, 0.9213405210296844, 1.097265433431808, 1.1415437777913071], [0.9275089294691168, 1.1284868628119975, 0.879893521592469, 1.0692427245777487, 1.1286893920608203, 1.0038044863266213, 0.9288579722885979, 0.9232783950736293, 1.120780904156751, 0.8680682788864403, 1.0368213009377087, 0.9792689475318801, 1.0184080034596927, 1.0181079068379968], [1.1201610103339918, 0.9888055195499124, 1.1417855563092891, 1.1284319421253168, 0.9204821467537307, 0.9234607971946235, 1.1495417056289834, 1.1341533626592373, 1.0983230591705309, 1.0376561367104447, 1.024856370657078, 1.0200804163157313, 1.1412190077323503, 1.0147701482756188], [1.1198560095907173, 0.9770284275917175, 0.8725855025067537, 1.1387567523317759, 1.0813707713399399, 0.9166958305666103, 1.1406020762739348, 0.8572301203779729, 1.1289847118979954, 1.0690402231255443, 1.0861196275525402, 1.0377614877908932, 0.8955050032316212, 0.8728716044214969], [1.0720342963363654, 1.003062746480882, 0.9595681059631301, 1.0308993973733018, 0.8885051211873963, 0.8530741433025985, 1.0651072006014415, 1.0814612861129935, 0.855086378480129, 0.8600604012200159, 1.1434903808368335, 0.9403803331439989, 0.9364920806183711, 0.8931938380552042], [0.8761386691991828, 1.038824215229898, 0.9235352568768178, 1.0331643850625587, 0.9292171286815767, 0.8551683716409593, 0.9071839061371523, 1.1299913696559407, 1.1006767062055345, 1.123226627696787, 0.9436527961019032, 0.9246086508348206, 1.1072303635752234, 0.9982602337784735], [0.8583342289301915, 1.0322331902161528, 1.0206431290834383, 1.0943089376393782, 1.0731569570565054, 0.9285418968844731, 1.1405706873657258, 1.0373297150575589, 0.8862098209141454, 0.9568148402452817, 1.0452059984848348, 0.9312166180720568, 1.0336818524130837, 0.9499863816186961], [1.038993182595, 1.0748763691112588, 1.1137007519953035, 1.0512943655965916, 1.0901584129621917, 1.146818754901407, 0.8673415820988042, 0.9313804772251276, 1.1217667160437121, 1.1193913561216193, 1.1074738402291255, 1.1013372013010814, 0.9047875047918432, 0.9610275785869008], [1.0054930664548982, 0.8871784728470679, 1.006797377715133, 0.9439710753500294, 0.9843441751007419, 1.002485679107094, 0.9080361818131893, 1.0961689124576162, 1.1397176462959413, 1.015708714390228, 1.0412363856875297, 0.9138228248565635, 1.119281321297722, 1.1123380712957913], [1.056957116007087, 0.9700729159421171, 0.8640721523283315, 1.115345196718912, 0.8523455059800318, 1.039296429130811, 0.8828660332793228, 0.9192400635719998, 1.1080285036335307, 0.9505846371055199, 1.043299137780267, 0.976465524597999, 1.1035279325035197, 0.9904757143148195], [1.09968254392628, 1.0734437044066742, 1.10427286289444, 0.8513962209200534, 0.9493839198027233, 1.0860305022699719, 1.041580328015929, 1.0874152590562205, 0.9120338913039742, 1.0269494555225251, 1.023660343014249, 1.035372932838903, 0.888989728671571, 0.9774309268644802], [1.0670933172231811, 1.0960288740735813, 1.0900479186944352, 0.8575108858769654, 1.0835932447163565, 0.9326890298483735, 1.0220931359164458, 1.0209240800444876, 1.0228022193572477, 0.864899838750213, 1.007851507925508, 1.0840692093045674, 0.8583254703936813, 0.895994489130075], [1.0720173611126596, 0.9524859141809664, 0.8937949726695094, 1.1272242148319174, 0.9776846160856111, 1.1363676781372118, 0.9447039374541484, 0.9657732561124579, 1.1290603586705703, 0.8939412881900914, 1.1448588368880255, 1.1346833837646388, 0.8928856092605285, 1.063523578112105], [0.8870558621782325, 0.8549868819454828, 0.9145993004029591, 1.129654202705201, 0.9169251416868459, 0.9288584109774064, 0.8595939451624488, 0.9256642804381245, 1.0337547341427773, 1.0849902065522243, 1.0801890032809347, 1.096777237789263, 0.8783530594222659, 0.9398592324204461], [0.8505450020404557, 0.954097626649022, 0.9945889724910596, 1.004816842772966, 0.8740470499143027, 0.9492699658211752, 1.1309152303810537, 0.9759107811754946, 1.0861118779295629, 0.8896443737960098, 1.0365802580488808, 0.8537818959514961, 0.9988666833105013, 1.0288167875506244], [1.0939072915791925, 1.0153827183027715, 0.9661497420476358, 1.131634836381568, 0.9224087998732889, 1.1400954732026338, 0.8512510203891003, 0.9754959553907817, 0.924002278965986, 1.1418099533533226, 0.9230961449726022, 1.0005089747218028, 0.9142360472173003, 0.9636339642509157], [1.114616747335639, 0.9497430888198803, 1.1221588390680075, 1.0076528099168365, 0.9415449943925996, 0.9406194318500652, 1.0384765724291183, 0.9190793131576852, 0.9345856832251507, 1.0476534685586287, 1.0794261786024992, 0.9583186740410682, 1.141497555001832, 1.122446075101554], [1.078941196972545, 0.910097399521527, 0.8731749999921923, 0.9543529283281529, 0.9879310702131034, 0.8670122059255404, 0.9197281956049855, 1.143172260294853, 1.0811088196754988, 0.8639166224400545, 0.9201407133600357, 1.0940578869521123, 0.9642219924927434, 1.0647183821984398], [0.9580325034256051, 0.9691972552604534, 1.015656044864207, 1.0010931677703976, 0.8623774279456615, 1.1371035501799691, 0.9128715630301364, 0.9902273308604513, 1.056130061513457, 1.1048976349727777, 0.8942170367156962, 1.086630304034412, 0.9440756575520136, 0.9551225067687737], [1.0715868822205632, 1.0318133569073005, 1.0687025418547864, 0.9216103315032609, 0.9206671675588833, 0.8667908295046725, 0.9305778506090199, 0.8747767905871744, 1.1225698421343362, 1.1082421941656353, 0.9962219989582515, 1.0819290353168556, 0.957583602978491, 0.9919128504331929], [0.9677396655809222, 1.1339773128808184, 0.9835527821053259, 1.140989958493245, 1.1361193280724113, 0.864739266619108, 1.0938952202156966, 1.0756863968607577, 1.1498639183978845, 0.8617464227475226, 1.1013774792847522, 1.105834698651939, 0.9452941179731893, 1.0689574999126084], [1.0445457746850915, 1.0946918719836436, 0.9754801678800558, 0.9384686185582758, 0.9801687031385402, 0.9037919539606684, 0.9782309271021488, 0.9283598933540531, 1.0426776264618933, 1.012384868651687, 0.9737023485488203, 0.8560473529269254, 1.1410729737009653, 1.0504272456782897], [1.0496074141868528, 0.8828192551883863, 1.033823926422734, 0.8585795774158846, 0.9211588763489195, 0.9438876721945147, 0.8717232610037147, 1.1315012184826942, 0.933653931077987, 0.8976495510923237, 1.0326331940196143, 0.9019236861258281, 1.0314195351445898, 1.0284455317920285], [1.0627582478200932, 1.0525289706566068, 1.0849922064246398, 0.8941801641687184, 1.0033616465385653, 1.0022861269134913, 1.1243167312960878, 1.111330837207316, 0.988723684706976, 0.9878992681005595, 1.0560012760346549, 1.127782315844052, 1.047398905793819, 1.1273674084676175], [1.0611718544917539, 1.0470787251384384, 0.856498988602714, 0.9513599548392366, 0.9886379200797203, 1.113006389293493, 1.06116690512354, 1.0771494747813737, 0.9838863196706631, 0.8704182476002431, 0.9506530895277922, 1.046578930574561, 1.099957469115192, 0.887402831276022], [0.8942080008078468, 1.1388698657798637, 1.000794098568449, 1.068959527952815, 1.0072145518277882, 1.0870053006434397, 0.8532423979557447, 0.8534082261462268, 0.9694992960869961, 0.897162427628405, 0.8606986661941635, 0.8791348445969631, 1.069441785091882, 1.0853445101435832], [0.9141479494303137, 0.9016081686253622, 0.9382708195896715, 0.8717003789601896, 1.0877859823693368, 1.0212799544542552, 0.9954596494860221, 0.9536184464485579, 1.0866453804238616, 1.0691907938206107, 1.0644269265597488, 1.0608568896151855, 0.8772884313831364, 1.006792894364292], [0.9554799979402558, 0.8567012360824565, 1.094285373932554, 0.8706151337636102, 0.9899800265167957, 1.0804497137601, 1.0723843983151173, 0.9758925577308397, 1.0144940856555247, 1.1426668396572621, 1.0290056181431275, 1.1220223515347323, 1.0647482120006704, 0.9064930487887568], [0.8709019046407352, 1.0808345978739478, 0.9073717948029857, 1.098348109427911, 0.9582622358887098, 0.9946532273195201, 0.8788034951081769, 1.0080830422766038, 0.9508203585533423, 0.8631528814604854, 0.9535207455557709, 1.0953912812660855, 1.0861337972085452, 0.85410965442758], [1.059653813509755, 1.0935477413912296, 0.8994789298421089, 0.8957256904163815, 0.9930040706021955, 0.9418176551309408, 0.8741126971594708, 0.9406569026441481, 0.932754050343218, 1.0253727934111172, 0.8677973037210798, 1.0123742098429656, 1.116546824000126, 1.0642581426577193], [0.8734514915810082, 1.0227250706440274, 0.8840431706667774, 0.9408926293614854, 0.9004654483957952, 0.881755906299739, 0.9046146453262788, 0.9059585600516066, 0.8758518325549293, 1.0030198394021013, 1.0015859242287195, 0.8677295895934665, 1.1099896107543654, 1.1491492033322255], [0.9697824833375285, 1.0765691111770876, 1.0120714581243617, 0.9158047351437827, 1.1344959157135937, 1.02327639048647, 1.0960745143198856, 1.0439382419580865, 0.997055877312719, 0.8641513645252179, 1.0482881010285285, 0.9084896406765518, 0.9648398247670991, 0.9942406589425656], [1.09143296012395, 1.0689636872022463, 1.0780018452302254, 1.0323367305819833, 1.0558103271252597, 1.136337922210088, 0.9480351646497751, 1.1264955625606574, 0.8693058787449458, 0.907163897175726, 1.0634858076187927, 0.9604023705710164, 0.9685794716473634, 0.9128735106681555], [1.0998637302795224, 1.0700607414944945, 1.1467334196162042, 1.097619396814921, 0.8817214536423469, 1.1393011705175224, 1.0317459453660753, 0.9728829465730969, 1.1084652272276458, 1.0197644442025693, 1.034630172262681, 1.12373822152222, 1.0152059614132636, 1.0567831511065418], [1.042946661829182, 0.9445061710028847, 0.868849310038455, 0.9385540740143794, 1.0461277595681522, 0.936676596306728, 0.9408457103028512, 0.9519975387040293, 0.9091415621802493, 0.9292252546888952, 1.1458474731667185, 1.1067118533621496, 0.8776924906751867, 1.12709327395572], [0.9424866145198871, 1.0641295100306656, 1.0958116813505907, 0.8673297256868367, 1.0751149981383903, 1.1070797992769275, 0.9625368870124518, 1.047006305403177, 0.8560098478565592, 1.071556219518381, 0.9707684897111455, 0.9099558662314979, 1.1465217357203479, 1.0914989963857609], [1.0675653508843603, 1.10659775578685, 0.9581242123365378, 1.1130857848687001, 1.0756304073065341, 0.8529793148640579, 1.1357348956226598, 0.9188207700140532, 0.8735994283462015, 0.9472871093829001, 1.0185523036934159, 0.9291291313438775, 1.038363122349024, 1.0552292105737275], [1.1170192588915235, 1.085599787052798, 0.994788612200989, 0.9911353114184149, 1.1226526468318911, 1.1184495010540179, 1.1139215979828097, 0.8672900144074169, 1.0602391632247663, 0.9426003681937555, 1.1022414615693914, 0.9384127890721052, 0.9985871868812015, 1.0197149368995824], [0.8893185560855078, 0.8778603401050976, 0.8791114488695337, 1.0210331744490637, 0.9823646152654771, 1.0260722232251498, 1.0176677436656318, 1.1119722232215226, 1.0108614097552626, 0.8594065355986852, 1.089318085288225, 0.8710213139742092, 1.1245893672758331, 1.0117827024852948], [1.0603234865714843, 1.0833671817521013, 1.0498903512906963, 1.0080999090745313, 0.8562160822786247, 1.1262621791593432, 0.941961663265382, 1.0632801732418709, 1.1290230212668304, 0.9535309363187187, 1.1297006252182547, 1.0188902215532543, 1.009688011988948, 1.0986017678565092], [0.9035308964262532, 0.8841609080507339, 0.9053475234535626, 0.9152616298916444, 0.9494781307825475, 1.0580189079060565, 0.871871514991106, 0.8683351077386567, 0.8841939610854035, 0.9322314627314818, 0.9336385491806578, 0.8822296256764415, 1.0479169602822715, 1.051733787781641], [0.860883953952615, 0.8704295614670863, 0.8949404381328079, 1.10361714302483, 1.103683262571412, 0.9740312108724087, 1.0395273265469294, 1.1057832438224258, 0.9570225259696747, 1.1309782572110765, 0.9387480284762459, 1.054685065161709, 0.9410894708352362, 0.9720980116430902], [1.0858267562989097, 1.1246585612390223, 1.143003641298647, 1.009422966263614, 0.8615801382982403, 0.8606555479231616, 0.8700266217082572, 0.9488707786821772, 1.0032274129527972, 0.8720639507294601, 0.8788900741064433, 0.8935433978217067, 1.001107653314818, 1.095590826721841]]
Standard Approach
Standard for parameter vector 1
sol.t = [1.115e6]
sol.u[end] = [0.013970302852152535, 2.4192475678017713e-9, 0.9999999905247854, 0.9999999905233292, 0.9998223598608975, 0.9999999905247523, 0.9999999905232385, 0.914920057599651, 0.9999768963230193, 0.0033671153084189388, 0.9967960238890811, 1.8468501204278944e-8, 8.479381442747555e-5, 0.999614565711011, 7.009542110015954e-5, 6.188147433011327e-5, 0.00016891812531683655, 0.25995470476185584, 0.00019585242984655356, 0.498654574862064, 0.2717307136563482, 0.00019331581148938635, 0.6932553556048682, 0.693246698028056, 0.4493052783880292, 0.6931981375065879, 0.6931653879240185, 0.007447854307116514, 0.0010105520611292755, 0.0005149059422041362, 0.9995431880397613, 0.9995431918700681, 0.59368450010528, 0.6481213336844865, 9.050688101076847e-5, 1.6675097793723255, 1.716876402782762, 8.955559410219072e-5, 144.16501345868446, 144.16498303149544, 7.739008426707358, 7.739095551410378, -87.8624230778497, 2.9413200724892475e-7, 3.675159891452691e-7]
Standard for parameter vector 2
sol.t = [1.115e6]
sol.u[end] = [0.013509987781980258, 2.408115808527918e-9, 0.9999999905744748, 0.999999990572673, 0.9997579529393904, 0.9999999905744343, 0.9999999905725596, 0.9035476043823326, 0.9999669998079643, 0.0030541056576851707, 0.9967909918443777, 1.840881135057522e-8, 8.450012698707997e-5, 0.9995930730709143, 6.986340086190588e-5, 6.772257004665976e-5, 0.0001850954367206275, 0.2853495522908702, 0.00019543254113879474, 0.49672881673276353, 0.26530474174931434, 0.00019260058637837583, 0.6939368079756839, 0.6939260852064407, 0.45009110769838945, 0.6938658751328461, 0.6938252051854504, 0.0074332533876952525, 0.001009224120593028, 0.0005142289822519108, 0.9995447386400295, 0.9995447433804454, 0.5776745183316954, 0.6295346900512283, 8.84010146856676e-5, 1.6286220535187692, 1.6775059555095544, 8.729579221264834e-5, 144.20196986648153, 144.20193976031607, 7.710023611884582, 7.710113782473284, -87.88193880654866, 2.680622417906783e-7, 3.349243955930621e-7]
Standard for parameter vector 3
sol.t = [1.199e6]
sol.u[end] = [0.010448552628455742, 2.4192500274236358e-9, 0.9999999905247431, 0.999999990523237, 0.9998452355219607, 0.9999999905247084, 0.9999999905231428, 0.9199994787753963, 0.9999794855145175, 0.002207390039910865, 0.9967960315223209, 1.8467840180294317e-8, 8.477928818692221e-5, 0.9995942138840211, 7.009403416596578e-5, 6.730983916472476e-5, 0.00018385750135102151, 0.25064298342717023, 0.00019585352638678573, 0.49928042416164164, 0.27360213544819256, 0.00019331592702614465, 0.6932552421850062, 0.6932462494933056, 0.4493039959134542, 0.6931961986536774, 0.6931627827215675, 0.007447856663662613, 0.0010105523706952426, 0.0005149061000153434, 0.9995431866691588, 0.9995431906390994, 0.5986523702453732, 0.654294137485629, 8.139520573248141e-5, 1.465842803149179, 1.5094946259120288, 8.020118873356568e-5, 144.18001642782937, 144.1799869815735, 7.765696685646294, 7.765784617581625, -87.86241996978146, 1.8136796789189793e-7, 2.265630497572491e-7]
Standard for parameter vector 4
sol.t = [883000.0]
sol.u[end] = [0.014405870556601835, 2.363315107722353e-9, 0.999999990774982, 0.9999999907733857, 0.9997614418555073, 0.9999999907749458, 0.9999999907732866, 0.9039067364740756, 0.9999686550696962, 0.003397283149449949, 0.9967702213214293, 1.8171618047679683e-8, 8.339714098959394e-5, 0.9996240814623575, 6.893503258300936e-5, 5.990310786396291e-5, 0.00016393809875050924, 0.28272715972625684, 0.0001936989034224704, 0.4997934744166072, 0.268421583359472, 0.00018971663812170208, 0.6967018232736637, 0.696692174744371, 0.4533273915231275, 0.6966377950182571, 0.6966009888426256, 0.00737411657884897, 0.0010038344355860417, 0.0005114814278458727, 0.9995510274993363, 0.9995510317511156, 0.5805600980095326, 0.6327952568454336, 9.071914603323098e-5, 1.6861951915855802, 1.7350260741785488, 8.976475702714384e-5, 144.561299649282, 144.56126834689096, 7.3392115479867, 7.339299363795673, -87.961371637979, 3.155182842631114e-7, 3.9424750311961696e-7]
Standard for parameter vector 5
sol.t = [584000.0]
sol.u[end] = [0.012313015269875358, 2.3564079976906167e-9, 0.9999999908057904, 0.9999999908041285, 0.9997887909064873, 0.9999999908057527, 0.9999999908040257, 0.9075092073707222, 0.9999727658769346, 0.002711207051006749, 0.9967669847155007, 1.8136539794914068e-8, 8.326203162908029e-5, 0.9996780905438675, 6.879480959587587e-5, 4.559836224759262e-5, 0.0001245091306830311, 0.2746522850501196, 0.00019343213619492215, 0.5012964367850483, 0.2717657663259139, 0.00018927098029960376, 0.6971315688089159, 0.6971214753997353, 0.4538300032486122, 0.6970647737501985, 0.6970265872076797, 0.007364940207421862, 0.0010029970293948733, 0.0005110545361011887, 0.9995519979433667, 0.9995520023842136, 0.5879998126902655, 0.6411177754369477, 8.579087035453317e-5, 1.5673221482257598, 1.6138633088097807, 8.462012560913456e-5, 144.64868402606103, 144.64865214636293, 7.275997305389294, 7.276089416180812, -87.97375408831147, 2.596734067577688e-7, 3.2442106924272386e-7]
Standard for parameter vector 6
sol.t = [883000.0]
sol.u[end] = [0.01339595091410035, 2.3574943695691453e-9, 0.9999999908008698, 0.9999999907990808, 0.9997904151051137, 0.9999999908008292, 0.9999999907989704, 0.9090650599623494, 0.9999716679365066, 0.003247371712181603, 0.9967675122192089, 1.814155473075151e-8, 8.327231753173059e-5, 0.9996543331269484, 6.881579311720555e-5, 5.190994878689898e-5, 0.0001419236869190133, 0.2736737000833361, 0.00019347705947012466, 0.5003738615095846, 0.26939686265720386, 0.00018934099241071345, 0.6970640042956165, 0.6970531579704524, 0.45374785577299104, 0.6969920786130882, 0.6969508213122234, 0.0073663824782590984, 0.0010031288946988608, 0.0005111217581862142, 0.999551842710647, 0.9995518474866848, 0.5838220161284972, 0.6368974401503563, 8.964311041992107e-5, 1.644286224784448, 1.6920884198119133, 8.871019960031984e-5, 144.58218229697246, 144.58215245152445, 7.326694866617132, 7.326780203121726, -87.97180698727641, 2.5274877756745553e-7, 3.1580224161710446e-7]
Standard for parameter vector 7
sol.t = [840000.0]
sol.u[end] = [0.011623036867888655, 2.3545365236696493e-9, 0.999999990814167, 0.9999999908125448, 0.9998155651220623, 0.9999999908141308, 0.9999999908124421, 0.9129926275073678, 0.9999753368316511, 0.0025305072122222276, 0.99676609861944, 1.8123412154078958e-8, 8.31462370044595e-5, 0.9995822162520982, 6.874922733499366e-5, 7.113219906715063e-5, 0.00019501097509758616, 0.26532179647659876, 0.0001933586166588703, 0.5019350077026937, 0.2733211329853944, 0.00018915022446382336, 0.6972481309859867, 0.6972382399164095, 0.45396763707285365, 0.6971828043000223, 0.6971455925076036, 0.007362452005667645, 0.001002769817535654, 0.000510938708421241, 0.999552262013341, 0.9995522663615584, 0.5918631068041215, 0.646097418881103, 8.414318139144463e-5, 1.5214023718799081, 1.5685802231500443, 8.31091740101376e-5, 144.70860814559322, 144.7085779140032, 7.225169648479711, 7.2252559617393235, -87.97711423213804, 2.0583593352812148e-7, 2.571392468035421e-7]
Standard for parameter vector 8
sol.t = [1.14e6]
sol.u[end] = [0.01254339610680956, 2.4127954438788854e-9, 0.9999999905536198, 0.9999999905520189, 0.9997790719813703, 0.999999990553584, 0.9999999905519171, 0.9069330376647737, 0.9999705383043019, 0.0028782571137040687, 0.9967931044669662, 1.843299485430632e-8, 8.460384094387026e-5, 0.9995739463332856, 6.995902993832402e-5, 7.277761559008754e-5, 0.0001989677616371688, 0.2774397336580909, 0.00019560803756919176, 0.49737465405978043, 0.26743245808826777, 0.00019290137316132775, 0.6936500226388094, 0.6936404757157091, 0.44976141175419915, 0.6935870234032155, 0.6935510543287866, 0.007439396909633157, 0.0010097828872473074, 0.0005145138312300194, 0.9995440875258292, 0.9995440917448891, 0.5826514741572038, 0.6352936033522334, 8.70787200979395e-5, 1.595426605697763, 1.6412399235424522, 8.595293804855754e-5, 144.19065043429376, 144.19062004044915, 7.72847080699704, 7.728560489290391, -87.87372265041354, 2.4664379713508e-7, 3.081575721116332e-7]
Standard for parameter vector 9
sol.t = [716000.0]
sol.u[end] = [0.01223673444430125, 2.3609541782651427e-9, 0.9999999907855506, 0.9999999907840033, 0.9998377719548476, 0.9999999907855159, 0.9999999907839082, 0.9181355806316005, 0.9999790806694508, 0.002954692545428485, 0.9967691078625532, 1.8157347702607735e-8, 8.330111534585779e-5, 0.9995726276414258, 6.888233402104508e-5, 7.362289360569075e-5, 0.00020182087304046998, 0.253023052675967, 0.0001936063030586513, 0.502394214517091, 0.27544517206579605, 0.0001895643835689974, 0.6968485705083972, 0.696839166015218, 0.45350047543559624, 0.6967863825833172, 0.6967508934568586, 0.007370982713941665, 0.0010035483788905935, 0.0005113356022284578, 0.999551360357256, 0.9995513644958955, 0.5980618853670371, 0.6534162276962066, 8.753407450696693e-5, 1.5918581847889497, 1.6373335723449265, 8.654494311114248e-5, 144.67384128561386, 144.67381178457168, 7.245894148383564, 7.245979224199676, -87.96559866194137, 2.466850404559502e-7, 3.082102924020641e-7]
Standard for parameter vector 10
sol.t = [1.104e6]
sol.u[end] = [0.012208929584015015, 2.3840431000364122e-9, 0.9999999906822734, 0.9999999906805709, 0.9998065895199488, 0.9999999906822344, 0.999999990680465, 0.9125746271635778, 0.9999736564942959, 0.0028316726622814497, 0.9967798979858483, 1.828101615966928e-8, 8.389697563922436e-5, 0.9995940327049562, 6.936409992597721e-5, 6.770080333953001e-5, 0.00018526014991037255, 0.26756783841163273, 0.0001945033404189922, 0.4993771219565982, 0.2696699457302828, 0.00019105227117743032, 0.695417837076991, 0.6954076008407588, 0.4518217227264422, 0.695350245353102, 0.6953116910991454, 0.007401557031141871, 0.0010063370928027194, 0.0005127572309970857, 0.9995481137466494, 0.9995481182590563, 0.5866704047641538, 0.6403323666702481, 8.658160683732041e-5, 1.5784350832955703, 1.6242194055974832, 8.558701781268052e-5, 144.38482231625122, 144.38479355261362, 7.537662236035585, 7.537746422454046, -87.92443518304006, 2.2359952120225768e-7, 2.793601736725074e-7]
Standard for parameter vector 11
sol.t = [1.152e6]
sol.u[end] = [0.013884635573786157, 2.436400188495153e-9, 0.9999999904477833, 0.9999999904461679, 0.9998079333275491, 0.999999990447746, 0.999999990446066, 0.9119579936286201, 0.9999745147377249, 0.003113677108061223, 0.9968038009845036, 1.855922402269869e-8, 8.52226324606169e-5, 0.9996148844888626, 7.044990880088495e-5, 6.162618007868307e-5, 0.00016807124528479304, 0.26732405002918336, 0.0001965117153211787, 0.4970856888245564, 0.2693694343492541, 0.00019441612124650073, 0.6922102311075423, 0.6922007096377045, 0.4480875615271523, 0.6921473413782515, 0.6921113325462125, 0.0074702665705359515, 0.0010125899146123452, 0.0005159448045918554, 0.9995407897703797, 0.9995407939888035, 0.5896205737804366, 0.6432374886986184, 8.885984829143366e-5, 1.6468642789337646, 1.6961620535991893, 8.773837942211046e-5, 143.95637729884163, 143.95634566991268, 7.951977103344246, 7.952069255861078, -87.83254083437055, 3.1226164009501834e-7, 3.901579627791626e-7]
Standard for parameter vector 12
sol.t = [961000.0]
sol.u[end] = [0.011980317434197855, 2.3538499331498665e-9, 0.9999999908173546, 0.9999999908159508, 0.9998245178994184, 0.9999999908173228, 0.9999999908158632, 0.9150457561420398, 0.999976752542445, 0.0027930436734677883, 0.9967657463798701, 1.8119660733413235e-8, 8.312687713552963e-5, 0.9995794571142076, 6.873477248728815e-5, 7.187296533918396e-5, 0.00019706316553817597, 0.26058058493321523, 0.00019332721657290382, 0.5024834495721835, 0.27470381133789995, 0.00018910607223613217, 0.6972907746703184, 0.6972822302537254, 0.4540227261140178, 0.6972343357312574, 0.6972021878054596, 0.007361542050781969, 0.0010026863667300808, 0.0005108961670162353, 0.9995523628314568, 0.9995523665875876, 0.5944969464377513, 0.6492998367702737, 8.619841254564862e-5, 1.5559825424625955, 1.6035000714234058, 8.528023695382746e-5, 144.82932587534302, 144.82929675433132, 7.097264875159612, 7.09734786884323, -87.97834320403975, 2.0988973115585272e-7, 2.6221709326618055e-7]
Standard for parameter vector 13
sol.t = [868000.0]
sol.u[end] = [0.01184086869427814, 2.3664883908191754e-9, 0.9999999907607607, 0.9999999907590938, 0.9998142685285061, 0.9999999907607232, 0.9999999907589913, 0.913147936134166, 0.9999751066273345, 0.0025495443758336215, 0.9967717178864008, 1.8188532008894036e-8, 8.34769759569177e-5, 0.9996240152524102, 6.900108797481394e-5, 5.988901428388229e-5, 0.000163872495106093, 0.26542790696808344, 0.00019382351924004793, 0.5010779438988381, 0.2723622679123705, 0.00018992121419745522, 0.6965047677179469, 0.6964946470994691, 0.45309466008967175, 0.6964379160943441, 0.6963997967243571, 0.007378325503325271, 0.0010042186050628413, 0.0005116772693362909, 0.9995505798302065, 0.9995505842845881, 0.5909005749028953, 0.6450016876543831, 8.439094631993826e-5, 1.5299331995461372, 1.5774878011270093, 8.327197559316923e-5, 144.57800670296413, 144.57797602577625, 7.354016530262612, 7.354105831805445, -87.9556973732382, 2.198281407674857e-7, 2.7462169435656176e-7]
Standard for parameter vector 14
sol.t = [1.02e6]
sol.u[end] = [0.012715653032285468, 2.4034376819174255e-9, 0.9999999905955379, 0.9999999905939508, 0.9998381066289317, 0.9999999905955016, 0.9999999905938526, 0.9181437339717724, 0.999978520041503, 0.002713945187356755, 0.9967888240522389, 1.8386216520689353e-8, 8.443090998516795e-5, 0.9996601865143931, 6.97711828205791e-5, 4.987684158984199e-5, 0.00013598917946969335, 0.25439965597964537, 0.00019524834523731118, 0.4998979053150462, 0.27350165642373697, 0.0001923000733113888, 0.6942236533788597, 0.6942141456885126, 0.45043000995500326, 0.6941608925600944, 0.6941250689656224, 0.007427110909731702, 0.0010086646423355164, 0.0005139437706681292, 0.9995453973445855, 0.9995454015429243, 0.5971260828998844, 0.6523366299073637, 8.57092729146104e-5, 1.5576190500081788, 1.6088752968262099, 8.464139206858016e-5, 144.35413828576426, 144.35410775666617, 7.571677800169549, 7.5717670630805545, -87.89016004245184, 2.5239901463848923e-7, 3.153129324258551e-7]
Standard for parameter vector 15
sol.t = [1.14e6]
sol.u[end] = [0.013662218862798487, 2.4207333911416335e-9, 0.9999999905179516, 0.999999990516187, 0.999774950987918, 0.9999999905179114, 0.999999990516076, 0.9059077148091694, 0.9999699412798295, 0.0029384547316540586, 0.9967967372676378, 1.8478014132510327e-8, 8.486698982373643e-5, 0.9996645138184437, 7.012958495361557e-5, 4.854368907682482e-5, 0.00013220045461022174, 0.27992215942833615, 0.0001959158839784639, 0.4967970060117182, 0.26684673762876093, 0.00019341096807420503, 0.6931647975496041, 0.6931542974033262, 0.44919311851713856, 0.6930954002931343, 0.6930556417444448, 0.007449794942622474, 0.0010107290809598863, 0.000514996183763414, 0.9995429745947326, 0.9995429792407692, 0.5824542474062152, 0.6347486364710825, 8.752411245267361e-5, 1.6156104384703265, 1.666336661363402, 8.641792109616592e-5, 144.13200313871988, 144.13197325178774, 7.78239112152349, 7.782481096770274, -87.85983230084022, 2.899397815898038e-7, 3.622459797433343e-7]
Standard for parameter vector 16
sol.t = [1.106e6]
sol.u[end] = [0.013600523256407525, 2.414240249906243e-9, 0.9999999905468367, 0.9999999905446822, 0.9998044232001796, 0.9999999905467879, 0.9999999905445459, 0.9111089236019755, 0.9999743099769284, 0.0028949280934635006, 0.9967938314445851, 1.8444203486479485e-8, 8.471735750754375e-5, 0.9996822093519131, 6.999636812765692e-5, 4.389218998168605e-5, 0.00011943930275425737, 0.26865013790262876, 0.0001956751060542672, 0.4977078543975139, 0.268812623147736, 0.0001929937730236029, 0.6935619475050186, 0.6935491418742505, 0.44964675001813215, 0.6934771636221176, 0.6934284883691151, 0.007441283249525512, 0.0010099554206245327, 0.0005146017856085823, 0.9995438752458586, 0.9995438809120175, 0.5885066335162481, 0.6416855538275354, 8.732662131086179e-5, 1.6117430651334275, 1.6622931139831432, 8.608188525324788e-5, 144.03729254859152, 144.03726076946697, 7.877914633096851, 7.878010217179198, -87.87120167073395, 3.097686567225795e-7, 3.8702058446889815e-7]
Standard for parameter vector 17
sol.t = [751000.0]
sol.u[end] = [0.011558804911176454, 2.3713432737133412e-9, 0.999999990739245, 0.9999999907378945, 0.9998229486299448, 0.9999999907392146, 0.9999999907378111, 0.915053825986568, 0.9999771254291597, 0.0027352057771274437, 0.9967739465722285, 1.8213497755456915e-8, 8.357914909527141e-5, 0.9995962354161435, 6.910029210832883e-5, 6.723757749130969e-5, 0.00018410236624031627, 0.2595453723190655, 0.0001940048423462827, 0.5014988854434284, 0.27399325764931853, 0.0001902344203125732, 0.6962033731512924, 0.6961951920229732, 0.4527487164676651, 0.6961494325312743, 0.6961187740317433, 0.007384765205636236, 0.0010048055150721688, 0.0005119764638134931, 0.9995499034527408, 0.9995499070530361, 0.594412273592734, 0.6491004539582678, 8.5772602748529e-5, 1.5542002470352643, 1.598242462413253, 8.481592488185279e-5, 144.6713485474546, 144.67131941136319, 7.2562388990480216, 7.2563216430250055, -87.94702160361615, 2.1701620043434875e-7, 2.711298634817379e-7]
Standard for parameter vector 18
sol.t = [895000.0]
sol.u[end] = [0.012164751652824967, 2.3537902382992913e-9, 0.9999999908175705, 0.9999999908160765, 0.9997973862845972, 0.9999999908175373, 0.9999999908159833, 0.910186540086709, 0.9999726354751964, 0.0027438979170926717, 0.9967657303393174, 1.812181786647956e-8, 8.317954909160726e-5, 0.999655231564348, 6.873869926890454e-5, 5.170888352219481e-5, 0.00014139619634328672, 0.271842297940048, 0.00019332689410372767, 0.5013510782508854, 0.27150254996565, 0.00018910215009560163, 0.6972945563255454, 0.6972854417544538, 0.4540250405218047, 0.6972343363155494, 0.6972000046456367, 0.0073614612125939005, 0.0010026791432003884, 0.000510892484618128, 0.9995523694753221, 0.9995523734823455, 0.5869504681433892, 0.6405013324269642, 8.580313985565184e-5, 1.5560954704073506, 1.6040297937231223, 8.488482693155293e-5, 144.74168625114865, 144.74165674934605, 7.184915138014103, 7.184998371445585, -87.97845246625126, 2.1224364205028e-7, 2.6515622405953756e-7]
Standard for parameter vector 19
sol.t = [1.078e6]
sol.u[end] = [0.01274896824313735, 2.4024958669646607e-9, 0.9999999905998004, 0.9999999905982896, 0.9998164245772295, 0.999999990599766, 0.9999999905981949, 0.9132659643045967, 0.9999763137160047, 0.002969525022145837, 0.9967883821759795, 1.8377759068768514e-8, 8.433243991840798e-5, 0.9995545553041311, 6.974434818830413e-5, 7.804517769639527e-5, 0.0002135773669459125, 0.2632404186692678, 0.00019521044734261046, 0.4995447308193187, 0.27228323595924114, 0.00019223958740823729, 0.6942814265906283, 0.6942723935709648, 0.45049913783571666, 0.6942217960708238, 0.6941877644567425, 0.007425874029375974, 0.0010085519011710637, 0.0005138862973436041, 0.9995455307107344, 0.9995455346992766, 0.5934093104668445, 0.6475283391194809, 8.768840972540967e-5, 1.6069220572301772, 1.6535882160455058, 8.66575602754702e-5, 144.33005754464227, 144.3300274858295, 7.586587335412135, 7.58667438899687, -87.89181630258135, 2.693604092331127e-7, 3.3654343542677754e-7]
Standard for parameter vector 20
sol.t = [658000.0]
sol.u[end] = [0.014173404023226624, 2.364399028207224e-9, 0.9999999907700765, 0.9999999907683608, 0.999786430154194, 0.9999999907700374, 0.9999999907682541, 0.9075478182300671, 0.9999720955715504, 0.003159227657780828, 0.9967707444401857, 1.8178461195156262e-8, 8.344779291408495e-5, 0.9996565340728963, 6.895981396468472e-5, 5.1252988747082496e-5, 0.00014006016739668162, 0.27509012629677077, 0.00019374342940148593, 0.5004687177479167, 0.27043708639758035, 0.0001897864569022617, 0.6966345500368935, 0.6966241960109114, 0.45324588012580086, 0.6965658627757387, 0.6965264040637188, 0.007375553264206902, 0.0010039657264475916, 0.0005115483571475603, 0.9995508728803015, 0.999550877442895, 0.5861390206029929, 0.6390703021194318, 8.90098412817944e-5, 1.6364503673258681, 1.6893618993573634, 8.807179351795994e-5, 144.6474210139259, 144.6473911450051, 7.262294194765172, 7.262380854843337, -87.95943446802819, 2.9487983482733343e-7, 3.6842296769655937e-7]
Standard for parameter vector 21
sol.t = [1.14e6]
sol.u[end] = [0.013491929467313908, 2.4099837754196547e-9, 0.9999999905659491, 0.9999999905638742, 0.9997819109643167, 0.9999999905659016, 0.9999999905637421, 0.9068700948288052, 0.9999709153838006, 0.0026922676535598125, 0.9967918802190783, 1.8417682861976208e-8, 8.45251738586543e-5, 0.999561362032598, 6.989984067220268e-5, 7.616033583533665e-5, 0.00020830721417935518, 0.277966665237278, 0.00019551014344147886, 0.4974138073618293, 0.2674798173035753, 0.00019272040481955392, 0.6938225101535425, 0.6938101309826206, 0.4499518083167985, 0.693740633391426, 0.6936936940627597, 0.007435701205196244, 0.0010094473586709583, 0.000514342784905329, 0.9995444720616323, 0.999544477534821, 0.5839983738104929, 0.6364287967004304, 8.566712184032729e-5, 1.5779232259136897, 1.6307348070915584, 8.446315641467946e-5, 144.04590639180867, 144.04587525454923, 7.8757987013083275, 7.875892435342758, -87.87866459988678, 2.871089542592897e-7, 3.5868087831783566e-7]
Standard for parameter vector 22
sol.t = [992000.0]
sol.u[end] = [0.011473838470971194, 2.379649175137637e-9, 0.9999999907019955, 0.9999999907004224, 0.9998206555287155, 0.9999999907019594, 0.9999999907003239, 0.9146435606241137, 0.9999762126459331, 0.0025256283715945427, 0.9967778427175891, 1.826002631295989e-8, 8.383851748431108e-5, 0.9996664880675694, 6.927783117010996e-5, 4.844444753458484e-5, 0.00013220589061499377, 0.2618710812834146, 0.00019433083900888945, 0.5005989149587514, 0.27253683649883703, 0.00019076941120156336, 0.6956892692640181, 0.6956797884582293, 0.452142024834309, 0.695626750745475, 0.6955911832068443, 0.00739575331370178, 0.0010058078522677026, 0.0005124874348012585, 0.9995487328187634, 0.999548736994462, 0.5924089041268393, 0.646817078559034, 8.416847814994352e-5, 1.526617984393699, 1.571823448458532, 8.306788680514299e-5, 144.48645762686542, 144.48642731559852, 7.446628189244551, 7.446715805123333, -87.93223591054691, 2.1507991908586464e-7, 2.686960613215514e-7]
Standard for parameter vector 23
sol.t = [799000.0]
sol.u[end] = [0.013922113342607248, 2.353517439895531e-9, 0.99999999081863, 0.9999999908168435, 0.9997930649703183, 0.9999999908185895, 0.9999999908167329, 0.9084971850619266, 0.9999732027812743, 0.003115031480874518, 0.9967656384771932, 1.811875681193488e-8, 8.313773694725661e-5, 0.9996064678390003, 6.87296017614228e-5, 6.46883161368569e-5, 0.00017723140179376736, 0.27280773402877007, 0.00019332242895316065, 0.5013593558219749, 0.27167048876736577, 0.00018908433477506567, 0.6973117428668886, 0.6973009121029998, 0.4540387590834157, 0.6972398651820932, 0.6971985819131277, 0.007361094015783616, 0.0010026460880654742, 0.0005108756338306272, 0.9995524025696767, 0.9995524073380573, 0.588275351999948, 0.641463460445347, 8.874381558170235e-5, 1.6346316766202509, 1.6857889313059153, 8.77479980670411e-5, 144.6102490894956, 144.61021797906093, 7.300152974206929, 7.30024177576685, -87.97894869319367, 3.025345440803376e-7, 3.7799192547879396e-7]
Standard for parameter vector 24
sol.t = [1.03e6]
sol.u[end] = [0.011974128713779767, 2.3824952678336576e-9, 0.9999999906889923, 0.9999999906869226, 0.9997867878496431, 0.999999990688946, 0.9999999906867937, 0.907536438584529, 0.999972070121356, 0.0024995787182404234, 0.9967792266067237, 1.8272911469867432e-8, 8.386114854413428e-5, 0.9995981719389457, 6.933214385867319e-5, 6.661332654440574e-5, 0.00018227618396767826, 0.2757844980360728, 0.00019445131569216886, 0.4992033099564812, 0.2692255097638759, 0.00019095234063687468, 0.6955136754955399, 0.6955012381273104, 0.45192560473183047, 0.6954314388549326, 0.695384416392347, 0.007399507123451384, 0.0010061508571147517, 0.00051266229176761, 0.9995483241284094, 0.9995483296126677, 0.5858201621149857, 0.6385304560986101, 8.41482210857413e-5, 1.537017346057667, 1.58347056573479, 8.28430380325233e-5, 144.37721922175132, 144.3771881222727, 7.553684418210642, 7.553778817224147, -87.92719002579065, 2.4891762508884094e-7, 3.109698259792074e-7]
Standard for parameter vector 25
sol.t = [1.065e6]
sol.u[end] = [0.014696813273333595, 2.3855220816316597e-9, 0.9999999906755254, 0.9999999906735725, 0.9998033454631012, 0.9999999906754812, 0.9999999906734508, 0.9105097244877148, 0.9999747117569835, 0.0032947715373140324, 0.9967806140558084, 1.8289098554277685e-8, 8.393900424480062e-5, 0.9996008525410904, 6.939523950325502e-5, 6.586957307326609e-5, 0.0001801983673092267, 0.26820211803530464, 0.00019456571002754086, 0.49965399738393934, 0.27079058975022324, 0.00019114731390759942, 0.6953266821078611, 0.6953150017381388, 0.4517097054434061, 0.6952491686840019, 0.695204574313916, 0.007403506201770239, 0.001006515133440472, 0.0005128479925700765, 0.999547901722061, 0.9995479068802081, 0.5898856141159775, 0.6432934923914783, 9.006121782999645e-5, 1.6758372059451256, 1.7273832208447375, 8.904640274506922e-5, 144.14852612608072, 144.14849348008218, 7.753681053633273, 7.753772306816912, -87.92181681189878, 3.410443631835237e-7, 4.2613136075264524e-7]
Standard for parameter vector 26
sol.t = [1.141e6]
sol.u[end] = [0.010618677415096348, 2.391666254760159e-9, 0.9999999906480349, 0.9999999906460898, 0.9998390672685268, 0.9999999906479903, 0.9999999906459689, 0.9183328330769425, 0.9999782795402601, 0.0022626455501775474, 0.996783454050677, 1.8323800631286573e-8, 8.413778665606165e-5, 0.9996629431648, 6.952712120926172e-5, 4.926413968398266e-5, 0.00013438247866936616, 0.2546427912721229, 0.00019480254143081194, 0.5000612205049705, 0.2726673315495546, 0.0001915427528220565, 0.6949477995834195, 0.6949361209621768, 0.4512671134050812, 0.6948708780159006, 0.6948271879683023, 0.007411611074906077, 0.0010072536427551916, 0.0005132244700871221, 0.9995470399992199, 0.9995470451469908, 0.59557142822236, 0.650706358310594, 8.19261464646786e-5, 1.474529707379608, 1.518816016015267, 8.071960624406364e-5, 144.23308592832586, 144.2330557877986, 7.710716952719418, 7.7108063814116035, -87.91093600157036, 1.7779327392618182e-7, 2.220994825542108e-7]
Standard for parameter vector 27
sol.t = [1.089e6]
sol.u[end] = [0.013453552011385544, 2.403978065688456e-9, 0.9999999905929068, 0.9999999905909367, 0.9997783788498136, 0.9999999905928622, 0.9999999905908116, 0.906121783947671, 0.9999711223477737, 0.002897789142010765, 0.996789119205485, 1.838966040758559e-8, 8.445728272418298e-5, 0.9996779214586268, 6.97835331934613e-5, 4.514349669591992e-5, 0.00012294885340557077, 0.27827383834350355, 0.00019527717620305938, 0.4978557995695173, 0.26794898159628405, 0.00019233453407972874, 0.6941907237583161, 0.6941789595419586, 0.4503832126886888, 0.694112846342324, 0.6940681642566373, 0.007427815517811324, 0.0010087294108143924, 0.0005139767884229836, 0.9995453146360957, 0.9995453198360789, 0.584311335304088, 0.6366747114486706, 8.735151401253421e-5, 1.6150318295322943, 1.664006960084003, 8.610428632089383e-5, 144.14357056353546, 144.1435386458199, 7.77125207979969, 7.771347419130371, -87.88921687051239, 3.0879351133326716e-7, 3.858082477415955e-7]
Standard for parameter vector 28
sol.t = [903000.0]
sol.u[end] = [0.013148752875735265, 2.358669064456007e-9, 0.9999999907957271, 0.9999999907941262, 0.9997942910188643, 0.999999990795691, 0.9999999907940272, 0.9096423814171885, 0.9999723495244587, 0.003105754394051391, 0.9967680407259438, 1.814465173994153e-8, 8.323329066949888e-5, 0.9995561675225437, 6.88336184821641e-5, 7.80262940437463e-5, 0.00021399414422430387, 0.27235750151596216, 0.00019351869339050896, 0.5008211079819184, 0.2706676773251437, 0.00018941692408577145, 0.696990764868043, 0.6969810475047068, 0.4536661321714898, 0.6969264201374509, 0.6968895948481935, 0.007367946408024397, 0.0010032713393047226, 0.0005111943733807079, 0.9995516808961519, 0.99955168517337, 0.5858574799753183, 0.6392499409068884, 8.860678396475046e-5, 1.6258765331434475, 1.67342207020393, 8.768025590787318e-5, 144.55576141017931, 144.55573041730392, 7.3569074520639495, 7.356993172397318, -87.96969585766978, 2.53716868296505e-7, 3.1700395637909383e-7]
Standard for parameter vector 29
sol.t = [1.121e6]
sol.u[end] = [0.015082576994682276, 2.4244262278846043e-9, 0.9999999905013863, 0.999999990499584, 0.9997402079439645, 0.999999990501346, 0.9999999904994706, 0.8999607072632902, 0.9999656675342883, 0.0030642665257855843, 0.9967984157312954, 1.8497178035983065e-8, 8.495106696693927e-5, 0.999653055569206, 7.020514826356108e-5, 5.156209617571652e-5, 0.00014048063686541708, 0.29038454922302614, 0.00019605790804354638, 0.49577865937221216, 0.2645761899085309, 0.00019364796315979568, 0.6929394288448063, 0.6929287850231809, 0.44893046672090786, 0.6928689373916243, 0.6928283759317974, 0.007454626282767218, 0.0010111684919968833, 0.0005152201877578039, 0.99954245809694, 0.9995424628112217, 0.5769184173723458, 0.6282427134322301, 8.847263655872057e-5, 1.6450224655760026, 1.7013300108441525, 8.736963038138705e-5, 144.08339727699268, 144.08336666103583, 7.824294872178799, 7.824387302222872, -87.85338480391688, 3.365323295601603e-7, 4.2045552753100646e-7]
Standard for parameter vector 30
sol.t = [1.137e6]
sol.u[end] = [0.014609287966710289, 2.4333436910987393e-9, 0.9999999904614019, 0.9999999904596247, 0.999741703513947, 0.9999999904613617, 0.9999999904595117, 0.900972264657847, 0.9999645575187032, 0.0030378922327275815, 0.9968024441158242, 1.8542405197725738e-8, 8.513206842067982e-5, 0.9995946847760443, 7.038533933004528e-5, 6.704708364194402e-5, 0.00018300520425147684, 0.2901771888962552, 0.00019639846212258531, 0.49495769908264914, 0.2633669733415782, 0.0001942200252759958, 0.6923961914388184, 0.6923856909444116, 0.44829982145797814, 0.6923267411035544, 0.6922868479279436, 0.007466276696974684, 0.0010122275886535036, 0.0005157600969455481, 0.9995412132545808, 0.9995412179073442, 0.5746876067403908, 0.6261124067477306, 8.826061896577178e-5, 1.6334455640340009, 1.6885236466958133, 8.717241356631726e-5, 143.94729001954218, 143.9472585201732, 7.962847115301989, 7.962939750021679, -87.8378541382909, 2.9164153263552774e-7, 3.643671932677558e-7]
Standard for parameter vector 31
sol.t = [1.054e6]
sol.u[end] = [0.011815077408204512, 2.3926480018925646e-9, 0.9999999906437712, 0.9999999906420656, 0.9997305692318725, 0.9999999906437322, 0.9999999906419597, 0.8985929428345392, 0.999963132879154, 0.0023933259697813737, 0.9967838771948859, 1.83295674592288e-8, 8.41742771420001e-5, 0.9996794573347034, 6.954870118239838e-5, 4.4853234995751366e-5, 0.00012222113698682482, 0.29464725535746117, 0.00019483542324666534, 0.49714634273001224, 0.26471549365584773, 0.00019160609458207135, 0.694887172267079, 0.6948769231262879, 0.45120158084262624, 0.6948195786636565, 0.6947810303077653, 0.007412908583011077, 0.0010073714508085237, 0.0005132845263398581, 0.9995469067959183, 0.9995469113155713, 0.5739053506900077, 0.6252224290226507, 8.309765933521668e-5, 1.5081108639188796, 1.5568423049096933, 8.190802901832464e-5, 144.36224484763665, 144.3622142400751, 7.5741050127356, 7.574196170024522, -87.90919503163319, 1.9912625167323755e-7, 2.487449210405803e-7]
Standard for parameter vector 32
sol.t = [1.157e6]
sol.u[end] = [0.01322039954771362, 2.416021484053459e-9, 0.9999999905388699, 0.9999999905367406, 0.9997761646535044, 0.9999999905388209, 0.9999999905366076, 0.906048275341023, 0.9999700772692653, 0.002830537275995412, 0.996794639720581, 1.845344971148622e-8, 8.475778237259785e-5, 0.9996764534408024, 7.003284216200872e-5, 4.540846978150604e-5, 0.0001236020258295038, 0.2795609384720548, 0.00019574288795678926, 0.496660506514946, 0.266125841872325, 0.00019310818207590372, 0.693452973801746, 0.6934403124779687, 0.4495204472140254, 0.6933692497059535, 0.6933212658368169, 0.00744361831271793, 0.0010101678270324481, 0.0005147100665536483, 0.9995436265885247, 0.9995436321894499, 0.5818154925569975, 0.6339432845954338, 8.674878124855171e-5, 1.5946821395303377, 1.6447669135849052, 8.557676740578486e-5, 144.0527841882106, 144.0527540286362, 7.865887532119361, 7.865979243473383, -87.8680814145045, 2.696479993068735e-7, 3.368859327225645e-7]
Standard for parameter vector 33
sol.t = [1.045e6]
sol.u[end] = [0.011431412890361835, 2.375385677058754e-9, 0.9999999907208637, 0.999999990718956, 0.9998213173667319, 0.9999999907208204, 0.9999999907188377, 0.9147861622646165, 0.9999760858608525, 0.002484977029210587, 0.9967759027252622, 1.823719781957606e-8, 8.37286616815783e-5, 0.999662673244719, 6.91888402835075e-5, 4.95048322533451e-5, 0.00013515919852308551, 0.2620772611835398, 0.00019417318399541012, 0.5004363728177822, 0.27173367396543513, 0.00019049450917263354, 0.6959532924211322, 0.6959417470443446, 0.45244334327081115, 0.6958770656674619, 0.6958336251258026, 0.007390108964980351, 0.0010052937870567615, 0.0005122253748151093, 0.9995493251157074, 0.9995493302008399, 0.5915561519090414, 0.6457829605619879, 8.387943410694015e-5, 1.519098775712635, 1.5647709244752717, 8.271683619913778e-5, 144.41905692179836, 144.41902699528603, 7.515469347099343, 7.515558397334597, -87.93982857133649, 2.097986598299492e-7, 2.6209444360300774e-7]
Standard for parameter vector 34
sol.t = [1.103e6]
sol.u[end] = [0.014554720842874999, 2.4120210351278464e-9, 0.9999999905569819, 0.99999999055518, 0.9997435417938013, 0.9999999905569416, 0.999999990555066, 0.9004559356385823, 0.9999661596898011, 0.003212073323798915, 0.996792775438129, 1.843064801799232e-8, 8.462250019385409e-5, 0.9996276340416919, 6.994668798117912e-5, 5.846850296882996e-5, 0.0001595828509505888, 0.2895302401052808, 0.00019558249397331405, 0.4965140366619341, 0.2651743880873762, 0.0001928514892643612, 0.6936975544356366, 0.6936868583759281, 0.449812455481408, 0.6936266814053397, 0.6935859128631798, 0.00743837835349582, 0.0010096905192010764, 0.0005144667436856896, 0.9995441922609641, 0.9995441969937863, 0.5774300025365865, 0.6288465994566594, 8.961148820323141e-5, 1.6709673521584112, 1.7213644416921385, 8.845548673177532e-5, 144.1830389478651, 144.18300836023883, 7.720385926086421, 7.720478601218156, -87.87508447541771, 3.362956882280988e-7, 4.201960197223065e-7]
Standard for parameter vector 35
sol.t = [643000.0]
sol.u[end] = [0.014465492346183448, 2.3678607525012266e-9, 0.9999999907546931, 0.9999999907531228, 0.9997497415411905, 0.9999999907546585, 0.9999999907530239, 0.9017194186948495, 0.9999665986919444, 0.003262585318948257, 0.9967723466106369, 1.8196238944959766e-8, 8.35200244695103e-5, 0.9996358685013194, 6.90304988167474e-5, 5.6719386668387654e-5, 0.000155116407233437, 0.28766729447995637, 0.00019387456294158383, 0.49930365685436134, 0.26762185882992984, 0.00019000977688417992, 0.6964195127702991, 0.6964100470503248, 0.452997106995533, 0.6963567109017631, 0.6963205981304526, 0.007380146914805101, 0.0010043845926169146, 0.0005117618863106325, 0.999550388910972, 0.999550393083599, 0.5785880672757563, 0.6305147626947112, 8.980346173088896e-5, 1.6625611817280974, 1.7140450676171395, 8.881758929177887e-5, 144.6741166505687, 144.6740863452705, 7.230676144413794, 7.23076437418235, -87.95324273567476, 3.0815849671719193e-7, 3.8503094498518263e-7]
Standard for parameter vector 36
sol.t = [1.027e6]
sol.u[end] = [0.012484087048314637, 2.390078621960068e-9, 0.9999999906554004, 0.9999999906539315, 0.9998121759472547, 0.9999999906553669, 0.9999999906538408, 0.9126740785279216, 0.9999755229743833, 0.0029285447363141077, 0.9967826615174875, 1.8315695043925275e-8, 8.410484293623875e-5, 0.999672622355664, 6.949494567026843e-5, 4.670142506059718e-5, 0.00012733112894685792, 0.2649495961556611, 0.00019473139699034486, 0.5000371027491456, 0.2721489508811496, 0.00019144093895874279, 0.6950453293910934, 0.6950364935142653, 0.45139154155951816, 0.6949870042111249, 0.6949537455242228, 0.007409525068262469, 0.0010070628079109675, 0.0005131271862124211, 0.9995472714442146, 0.9995472753410423, 0.5918153185524155, 0.645847590615597, 8.733707384467137e-5, 1.596004191623373, 1.6421115204354684, 8.634321679322322e-5, 144.40544810189036, 144.40541741791364, 7.513449315266772, 7.513535727143189, -87.91373502580323, 2.4974107803349624e-7, 3.120272716563117e-7]
Standard for parameter vector 37
sol.t = [1.061e6]
sol.u[end] = [0.015048162336846572, 2.407685457459277e-9, 0.9999999905764255, 0.9999999905746656, 0.999747811457361, 0.9999999905763852, 0.9999999905745558, 0.9015648372071893, 0.9999661932678259, 0.0031915922373322164, 0.9967907897728944, 1.8408723901167207e-8, 8.453694690987552e-5, 0.999659623718436, 6.985913340386461e-5, 4.998299182921159e-5, 0.00013625181511520688, 0.28790109396202535, 0.00019541515958653406, 0.4966964120254432, 0.2651743219340534, 0.00019257296481383458, 0.6939631623864985, 0.6939526984057736, 0.4501227452192172, 0.6938937920737852, 0.6938538540521485, 0.0074326889935719155, 0.0010091726781909748, 0.0005142027578679854, 0.9995447996726724, 0.9995448043015828, 0.5769912580999909, 0.6286130304012123, 8.938375307119605e-5, 1.660778184767922, 1.715632185525527, 8.830640066187452e-5, 144.21712925454298, 144.21709820892687, 7.687577942321418, 7.687670140686673, -87.8826939065926, 3.263717191106065e-7, 4.077761760343344e-7]
Standard for parameter vector 38
sol.t = [990000.0]
sol.u[end] = [0.012908846560268767, 2.374633414930075e-9, 0.9999999907243903, 0.9999999907227552, 0.9998138287489691, 0.9999999907243535, 0.9999999907226528, 0.9131041587359091, 0.9999756015107649, 0.00319404556588905, 0.9967755164040154, 1.823030766676394e-8, 8.364675049417186e-5, 0.9995744165350887, 6.916717555456817e-5, 7.301638531496135e-5, 0.0002000079377437677, 0.26408472268667227, 0.00019413814455133483, 0.5006315429693174, 0.27205137231640686, 0.00019044624751368016, 0.6959996907428992, 0.6959898547759121, 0.4525039799841437, 0.6959346017832011, 0.695897374736977, 0.007389117647445257, 0.0010052029160187571, 0.000512179050622416, 0.9995494360705328, 0.9995494404057758, 0.591147686991875, 0.6452124687947076, 8.926998712177203e-5, 1.6357300363963971, 1.6813266102243383, 8.83270642794865e-5, 144.49407051070403, 144.49404077151686, 7.416872471039608, 7.416957103653348, -87.94116243559736, 2.5669386152218547e-7, 3.207339798723475e-7]
Standard for parameter vector 39
sol.t = [1.053e6]
sol.u[end] = [0.016283692606046514, 2.4174708298874167e-9, 0.9999999905325871, 0.9999999905308304, 0.9997741478929253, 0.9999999905325468, 0.9999999905307208, 0.9052239627629701, 0.9999705212854278, 0.0033908226752405158, 0.9967952525152767, 1.8457097627353707e-8, 8.47071024107022e-5, 0.9995531908087901, 7.00543440933301e-5, 7.826919355157176e-5, 0.000214033108517992, 0.27877562370957265, 0.00019579059926958377, 0.49710306485567907, 0.2673304541353295, 0.00019320152587733416, 0.6933641179613289, 0.6933537201809821, 0.44942534027585407, 0.6932950972367065, 0.6932552634453958, 0.00744552295275916, 0.0010103404701773322, 0.0005147980769230367, 0.9995434309836672, 0.9995434355895155, 0.5831896406709169, 0.6356094711521937, 9.066596583922536e-5, 1.6915688501712536, 1.7509369715596264, 8.971760371357056e-5, 144.12113686893036, 144.12110471873171, 7.776714674874002, 7.776806091372488, -87.86553679570808, 3.602275107159187e-7, 4.500826039049185e-7]
Standard for parameter vector 40
sol.t = [971000.0]
sol.u[end] = [0.01359008893725197, 2.386331115609966e-9, 0.9999999906721339, 0.999999990670606, 0.9997984980362612, 0.9999999906720993, 0.9999999906705109, 0.9093977458678787, 0.9999742386812359, 0.003096546970131817, 0.9967809359356854, 1.829168190992702e-8, 8.392248802524486e-5, 0.9995470433787432, 6.940845616264388e-5, 8.019815617238941e-5, 0.00021968224389517406, 0.270528536466377, 0.00019458806780136832, 0.5000732945905785, 0.2718496517429607, 0.00019119969857861967, 0.6952764856444521, 0.6952673016685774, 0.4516603438518904, 0.6952157049477798, 0.695180890409449, 0.0074045803290072165, 0.0010066123345876228, 0.0005128975437866705, 0.9995477959822187, 0.9995478000345004, 0.5905161454273689, 0.6439378258782107, 8.868937503618348e-5, 1.636349998320174, 1.6850381238792083, 8.761210911189395e-5, 144.45075809498633, 144.45072679068286, 7.459724681190662, 7.459815155844809, -87.92037383824038, 3.112625395447274e-7, 3.8890525607692526e-7]
Standard for parameter vector 41
sol.t = [1.047e6]
sol.u[end] = [0.013870382377276143, 2.3806704816424207e-9, 0.999999990697366, 0.9999999906956738, 0.9998016638514178, 0.9999999906973285, 0.9999999906955677, 0.9106108070481199, 0.9999743460961111, 0.0032683684893463857, 0.9967783317876077, 1.826438637309117e-8, 8.384077557869313e-5, 0.9996339514983704, 6.929678236403755e-5, 5.7100489874459335e-5, 0.00015606520354318466, 0.26856433897675647, 0.00019437283773802492, 0.49998336091502277, 0.27097998218188124, 0.00019083510688845256, 0.6956261991136553, 0.6956160401867957, 0.45206565432469253, 0.6955589107322028, 0.6955203363368574, 0.007397101620692418, 0.001005930952972765, 0.000512550189055912, 0.999548587325118, 0.9995485918065082, 0.5891728577238342, 0.6426199722090736, 8.977253573309712e-5, 1.6549133652500607, 1.7044086394550557, 8.885945012370252e-5, 144.37655696517214, 144.37652693212195, 7.5300076173473744, 7.530092963955198, -87.93042317559629, 2.9101797555497263e-7, 3.636185471766994e-7]
Standard for parameter vector 42
sol.t = [1.101e6]
sol.u[end] = [0.012044810516017935, 2.4028234075440105e-9, 0.9999999905982637, 0.9999999905966285, 0.9998163080070782, 0.9999999905982263, 0.9999999905965263, 0.9131588271309875, 0.9999760469656371, 0.0026334009769872343, 0.996788548048684, 1.838198090354009e-8, 8.439426835268323e-5, 0.9996306675580651, 6.975638149292175e-5, 5.775216692603011e-5, 0.00015768425776119713, 0.26403149242913276, 0.00019522565924132333, 0.49939968858643724, 0.2719692384163077, 0.0001922605515329774, 0.6942613954304373, 0.6942516109751713, 0.4504730126146044, 0.694196876229714, 0.69416011960342, 0.007426302747091847, 0.001008591141753116, 0.0005139063014533399, 0.9995454825051059, 0.9995454868239666, 0.5929889937661008, 0.647050767296262, 8.510422417511141e-5, 1.5517924469146478, 1.5985192112551037, 8.397864971685306e-5, 144.23091411321045, 144.23088295863266, 7.696881196749661, 7.6969710521331, -87.89124225718531, 2.414307710708688e-7, 3.0162242346011753e-7]
Standard for parameter vector 43
sol.t = [927000.0]
sol.u[end] = [0.009984207700581383, 2.3394696389494654e-9, 0.9999999908813517, 0.9999999908796334, 0.9998158795631158, 0.9999999908813125, 0.999999990879527, 0.9130394224994947, 0.999976122910121, 0.0020767784974490447, 0.9967589793108368, 1.8044991178056018e-8, 8.281196600119266e-5, 0.9996464839716208, 6.843917520547555e-5, 5.4182985070277157e-5, 0.0001483368716067223, 0.2636087733190209, 0.00019277390259320372, 0.5028805072026672, 0.27420143359665067, 0.00018817708221783073, 0.6981892478418328, 0.6981787324305749, 0.4550716140872751, 0.6981199458991405, 0.6980806585763739, 0.00734237262105502, 0.0010009359626022734, 0.0005100038498796016, 0.9995543829793411, 0.9995543875922337, 0.5929896708388825, 0.6473003824661837, 8.004521288628095e-5, 1.4306701446147825, 1.4743407071374794, 7.893683381209568e-5, 144.75167408876734, 144.75164336851898, 7.201159651961119, 7.201246171241748, -88.00427161656442, 1.5325657553469797e-7, 1.914354143025356e-7]
Standard for parameter vector 44
sol.t = [964000.0]
sol.u[end] = [0.012448059932982989, 2.3836964646285548e-9, 0.9999999906837687, 0.9999999906819743, 0.9997657777065403, 0.9999999906837282, 0.9999999906818605, 0.904033646357615, 0.9999691102812054, 0.0026116052158392197, 0.9967797494621292, 1.8278665523290936e-8, 8.387749953821903e-5, 0.9995783699724841, 6.935580349459431e-5, 7.187686475556394e-5, 0.00019677459563896175, 0.2829138974688597, 0.00019449201262979995, 0.4987873620113867, 0.2681047073982987, 0.00019102988341727475, 0.6954393044096295, 0.6954284951613641, 0.45184467468147543, 0.6953678163691533, 0.6953269041356359, 0.007401097827948283, 0.0010062953968040262, 0.0005127359752092595, 0.9995481606053231, 0.9995481653724427, 0.5818614626309085, 0.6340775942699989, 8.508736367041757e-5, 1.5597579636986625, 1.6070622430586308, 8.379640743161385e-5, 144.45197729554414, 144.45194552873795, 7.474207604256466, 7.47430286026071, -87.92505224268757, 2.655261412450258e-7, 3.317261522262262e-7]
Standard for parameter vector 45
sol.t = [1.16e6]
sol.u[end] = [0.012370225151125274, 2.4177733381325124e-9, 0.9999999905310739, 0.9999999905290476, 0.9998013677713385, 0.999999990531028, 0.9999999905289191, 0.9104947700965734, 0.9999739985607222, 0.0026727595018349675, 0.996795424198997, 1.8461485016467758e-8, 8.477451772724372e-5, 0.9996388195209965, 7.006648598688357e-5, 5.542747774625744e-5, 0.0001511665509638452, 0.26983656295703246, 0.00019580788407633158, 0.49760315758544515, 0.26885231514354574, 0.00019322074506416268, 0.6933458050283446, 0.6933337516159002, 0.4493979865153487, 0.6932661937457573, 0.6932206712509583, 0.0074459150577882, 0.001010376598218181, 0.0005148164943502016, 0.9995433835342666, 0.9995433888651831, 0.5882505474077449, 0.6413781046499821, 8.562258838387439e-5, 1.5689015336075613, 1.6155572498255648, 8.43049855248891e-5, 144.0417814497389, 144.041750339573, 7.882629739816396, 7.882725084400839, -87.86501325694866, 2.647897219204511e-7, 3.3081492939914985e-7]
Standard for parameter vector 46
sol.t = [1.135e6]
sol.u[end] = [0.013833852757425264, 2.423426140537131e-9, 0.9999999905056827, 0.9999999905035555, 0.9997415759024116, 0.9999999905056337, 0.9999999905034211, 0.9000861195965734, 0.9999657072326896, 0.0028884770029543394, 0.9967980031720001, 1.8491206737842753e-8, 8.491155070964642e-5, 0.9996327657836852, 7.018297184385364e-5, 5.6985061447661654e-5, 0.00015540915568428734, 0.29070212356233643, 0.0001960265553661849, 0.495457376724965, 0.26377789085763703, 0.0001935835421009586, 0.6930006513415303, 0.6929880451660454, 0.4489943999757979, 0.6929171799861445, 0.6928691868456952, 0.0074533132841142, 0.0010110496354986665, 0.0005151595968023936, 0.9995425916933743, 0.9995425972761519, 0.5762457839668528, 0.6273519380179999, 8.73670965494755e-5, 1.6215433078094508, 1.671725318155403, 8.603136128492314e-5, 144.08588539709416, 144.0858550345335, 7.8275074728447604, 7.827604054811611, -87.85513683289453, 3.1954101344692146e-7, 3.992349731955012e-7]
Standard for parameter vector 47
sol.t = [1.017e6]
sol.u[end] = [0.01109843596018377, 2.3708764643052397e-9, 0.9999999907411075, 0.9999999907393435, 0.9998253399607467, 0.999999990741067, 0.9999999907392338, 0.9151028056819315, 0.9999772220807833, 0.0024116986584983868, 0.9967737807337438, 1.8212361105093926e-8, 8.359719705894581e-5, 0.9996376257681036, 6.909333903953254e-5, 5.6221024190099545e-5, 0.00015371747418101853, 0.25973880954912837, 0.00019399541674246603, 0.5012378634886588, 0.2734073980158124, 0.0001902040325459293, 0.6962325779976024, 0.6962219266382109, 0.45277374600539005, 0.6961623154745489, 0.6961223481295228, 0.007384140635637472, 0.0010047492290042735, 0.0005119477703429834, 0.9995499614002362, 0.9995499660882168, 0.5944113875215793, 0.6489795581684905, 8.322083249245401e-5, 1.5050835735766641, 1.549709419090657, 8.20735415391267e-5, 144.44235850467632, 144.44232758841508, 7.495186818722841, 7.495275860517449, -87.94786296740169, 2.0459610765606683e-7, 2.555923335808803e-7]
Standard for parameter vector 48
sol.t = [1.172e6]
sol.u[end] = [0.013009541828612218, 2.411832694935529e-9, 0.9999999905578056, 0.9999999905559807, 0.9998211583854231, 0.9999999905577639, 0.9999999905558672, 0.91457384954818, 0.9999764296823184, 0.0029960635236002246, 0.9967926931511646, 1.842757227772056e-8, 8.457297187207006e-5, 0.9995643173715435, 6.993837690541887e-5, 7.535454140585804e-5, 0.00020607132522488988, 0.2615520212076647, 0.0001955758269532144, 0.49859206863626626, 0.2708398232908725, 0.00019283936728754143, 0.6937091069257508, 0.6936982239992595, 0.44982526409117674, 0.69363720538596, 0.6935960953962197, 0.007438130821603552, 0.001009668047413506, 0.0005144552879791228, 0.9995442180370886, 0.9995442228481166, 0.5923350257822597, 0.6464606819334617, 8.791059244558794e-5, 1.6126476645921874, 1.6605530011027438, 8.685917551088049e-5, 144.10679447100293, 144.1067647374133, 7.808511635810989, 7.808599388040809, -87.87541544783996, 2.6807928325123177e-7, 3.3494282954392337e-7]
Standard for parameter vector 49
sol.t = [795000.0]
sol.u[end] = [0.013556646122396243, 2.3509551287483967e-9, 0.9999999908300634, 0.9999999908282718, 0.9997945894721586, 0.9999999908300228, 0.999999990828161, 0.9088905317224284, 0.9999736409085692, 0.003170041480705976, 0.9967644302184956, 1.8103527596220476e-8, 8.30400589157196e-5, 0.999558152017935, 6.867288923921644e-5, 7.75703441133349e-5, 0.00021281960067594344, 0.2716170010607597, 0.0001932229216833718, 0.5015553990208116, 0.2719111997443094, 0.0001889189193684706, 0.6974715267219865, 0.6974606463447499, 0.45422625498175245, 0.6973993216006864, 0.697357870429972, 0.007357683806393638, 0.0010023347124811202, 0.000510716901369508, 0.9995527632307889, 0.999552768019927, 0.5887071024853198, 0.6419687034875744, 8.916318420309795e-5, 1.6438388551108722, 1.6918369964966258, 8.815195899998061e-5, 144.60978749035579, 144.60975568583834, 7.299261484162062, 7.29935063230202, -87.98355665512359, 2.991516328242245e-7, 3.7378038325177966e-7]
Standard for parameter vector 50
sol.t = [1.153e6]
sol.u[end] = [0.01240573641783338, 2.4202082892705672e-9, 0.9999999905203558, 0.9999999905186718, 0.9998217540043742, 0.9999999905203171, 0.9999999905185661, 0.9150409673373403, 0.9999761519182901, 0.0028675150810601306, 0.9967964881420021, 1.8474219805195906e-8, 8.483174463892848e-5, 0.9996338228587699, 7.011659200157462e-5, 5.673545415542612e-5, 0.00015474789111469923, 0.26135153493995755, 0.00019589392120764295, 0.49816439136363416, 0.27053690600803865, 0.00019337732184197085, 0.6931968128952619, 0.6931868165699708, 0.44923225065260386, 0.6931308758049466, 0.6930932614184803, 0.00744910880884965, 0.0010106665368540065, 0.0005149642998895225, 0.9995430495702872, 0.9995430539905229, 0.5917096068694131, 0.6459875725485109, 8.697095839685548e-5, 1.5848867965412805, 1.631825788100075, 8.586903161669379e-5, 144.07839131781034, 144.0783607032334, 7.842588808173753, 7.842678391338071, -87.8607482398078, 2.3712373074427528e-7, 2.9625661055994004e-7]
Standard for parameter vector 51
sol.t = [1.075e6]
sol.u[end] = [0.011928057894095564, 2.388962962215988e-9, 0.9999999906602686, 0.9999999906585699, 0.9997920930098844, 0.9999999906602296, 0.9999999906584638, 0.9090639126421722, 0.9999729343180589, 0.0027756455784752436, 0.9967821744414462, 1.831013804291689e-8, 8.408513041659848e-5, 0.999684081565476, 6.947252412519576e-5, 4.3659917802109855e-5, 0.00011895556628299738, 0.2720405783957344, 0.00019469312388958464, 0.4990580246973024, 0.26935668469843865, 0.0001913689747045727, 0.6951142527893183, 0.6951040598549524, 0.4514670366243083, 0.6950469619728665, 0.6950085843281516, 0.00740805031593465, 0.001006928811886805, 0.000513058877668461, 0.9995474236881181, 0.9995474281832358, 0.5860664191831354, 0.6391080964400386, 8.621262246967213e-5, 1.5681863190963634, 1.6129431915398802, 8.514157649813179e-5, 144.4161015781628, 144.41607254065678, 7.5085941481344625, 7.508680431026106, -87.91571470869232, 2.2662269655360865e-7, 2.8313548649608773e-7]
Standard for parameter vector 52
sol.t = [1.186e6]
sol.u[end] = [0.011316397918720125, 2.429175774614649e-9, 0.9999999904801465, 0.9999999904784636, 0.99981318406348, 0.9999999904801078, 0.9999999904783581, 0.9131449242139629, 0.9999752618077885, 0.0024753181546091217, 0.9968005512561325, 1.85233868335772e-8, 8.509324753974849e-5, 0.9996857198741986, 7.030564343393807e-5, 4.279784416679718e-5, 0.00011633788188120987, 0.26480495325556686, 0.00019623713992673454, 0.4974363115219471, 0.2695197656923482, 0.00019395277210578965, 0.6926498512524288, 0.6926398663135962, 0.448596428891082, 0.6925841348154518, 0.6925467605601674, 0.007460835942632593, 0.0010117328977254658, 0.0005155079119825576, 0.9995417967728318, 0.9995418011885102, 0.5899716149384479, 0.6437762658271493, 8.387829176224109e-5, 1.5213029452259608, 1.5657792632258156, 8.263313586805797e-5, 144.1206789594964, 144.12064933808523, 7.813619833917461, 7.813710571462149, -87.84510391427088, 2.1231638649119436e-7, 2.652437247123516e-7]
Standard for parameter vector 53
sol.t = [985000.0]
sol.u[end] = [0.01440597601553906, 2.3684955246295534e-9, 0.9999999907516915, 0.9999999907498388, 0.9998150310392301, 0.9999999907516497, 0.999999990749724, 0.9125707539118877, 0.9999763188881915, 0.0030007582169085316, 0.9967726802447199, 1.8201149735441392e-8, 8.356964679545044e-5, 0.9996825306036057, 6.904686352917934e-5, 4.428918929594673e-5, 0.00012081850964533857, 0.263684929550401, 0.00019390527046568882, 0.5011204063253941, 0.2728595571863156, 0.00019005048887024624, 0.6963803099398898, 0.6963691057210735, 0.4529446950319383, 0.6963059972869332, 0.6962633147774394, 0.007380984076785204, 0.0010044614431202194, 0.0005118010630903496, 0.9995502942998095, 0.9995502992385924, 0.5931675261358829, 0.6471594332871634, 8.781562661199294e-5, 1.6163047913368058, 1.6721738129299626, 8.689253688120377e-5, 144.39592364507695, 144.39589193233877, 7.517448317457915, 7.517536584147325, -87.95211495603425, 3.1438811713926243e-7, 3.9277493223556647e-7]
Standard for parameter vector 54
sol.t = [904000.0]
sol.u[end] = [0.011119760060354325, 2.3427764426900583e-9, 0.999999990866537, 0.9999999908646995, 0.9997433420524581, 0.9999999908664964, 0.9999999908645852, 0.9005184622980756, 0.9999653698211597, 0.0022767690697873097, 0.9967605648670823, 1.806272083897838e-8, 8.289651544893671e-5, 0.9996479085484816, 6.850830542261145e-5, 5.377031470947059e-5, 0.0001471712678324899, 0.29002869906980694, 0.00019290535796910938, 0.500110126733378, 0.2671016969440123, 0.0001883906681745438, 0.6979824091045348, 0.6979712028481962, 0.45482565642920275, 0.6979083650014457, 0.6978661487200926, 0.007346783869189888, 0.0010013392090556998, 0.0005102094158269014, 0.9995539146184128, 0.9995539195398959, 0.5760949639918383, 0.6278366312776066, 8.201993029174921e-5, 1.4783908334081446, 1.525071031923417, 8.084935583961591e-5, 144.74510297947938, 144.7450724094426, 7.197549609416967, 7.197639364908767, -87.99829917733203, 1.798757918678749e-7, 2.2469274470735654e-7]
Standard for parameter vector 55
sol.t = [970000.0]
sol.u[end] = [0.010719674064249878, 2.370208173655186e-9, 0.9999999907440293, 0.999999990742165, 0.9998230448584738, 0.9999999907439876, 0.9999999907420473, 0.9146828679320402, 0.9999762335376674, 0.0022313191250651196, 0.9967734823852537, 1.8209211804242082e-8, 8.358945929389197e-5, 0.9996502020143568, 6.908027425653894e-5, 5.2879174748951766e-5, 0.00014450388261537687, 0.2620732240100152, 0.00019397180304543324, 0.50092637820867, 0.2724771922713164, 0.00019016087700494548, 0.6962740871123626, 0.6962627794509125, 0.4528199458908046, 0.696199534258718, 0.6961571588513735, 0.007383253563934506, 0.0010046684972894728, 0.0005119066149912479, 0.9995500532870583, 0.9995500582626896, 0.5924545970636298, 0.6468458916002364, 8.159061329680127e-5, 1.4673159165183312, 1.5128700560839339, 8.042628001683164e-5, 144.49551178005788, 144.4954814221403, 7.44956278312771, 7.449651496666106, -87.9490577557741, 1.7599498417573938e-7, 2.1984594616383e-7]
Standard for parameter vector 56
sol.t = [1.064e6]
sol.u[end] = [0.013527691356270834, 2.4111745893386472e-9, 0.9999999905607766, 0.9999999905589882, 0.9997827646030181, 0.9999999905607363, 0.9999999905588749, 0.9075405893564378, 0.9999703479147647, 0.002969120970248435, 0.9967923880270798, 1.842739849443747e-8, 8.462820328882661e-5, 0.9996650231340575, 6.993177388710939e-5, 4.8507163139825794e-5, 0.0001321643125031429, 0.27748230885664876, 0.00019554978072324424, 0.4973217326946437, 0.2672109756207163, 0.00019279711937647824, 0.6937493828493911, 0.6937387305394394, 0.4498730115576396, 0.6936789264429296, 0.6936385393603652, 0.007437268057640944, 0.001009589472325671, 0.0005144152318375187, 0.9995443108270967, 0.9995443155374623, 0.5826367289394403, 0.6352909519680198, 8.776462599333343e-5, 1.6105895585809022, 1.6616554975880817, 8.66532610910459e-5, 144.21505658699616, 144.21502573152006, 7.700179123734223, 7.700270625178131, -87.87656902583235, 2.661830356480443e-7, 3.3256143543409943e-7]
Standard for parameter vector 57
sol.t = [1.041e6]
sol.u[end] = [0.01527864926451394, 2.3798114275696903e-9, 0.999999990700986, 0.9999999906988969, 0.9997119777584804, 0.9999999907009383, 0.9999999906987672, 0.8957138678292368, 0.9999620720183439, 0.0031932105903480475, 0.9967779830348656, 1.825783133928354e-8, 8.377686489359349e-5, 0.9995729155460205, 6.927465046232879e-5, 7.336731584962973e-5, 0.00020092037965778985, 0.29792691164003104, 0.00019434809310236921, 0.4972053362832674, 0.2637252112413914, 0.00019077949158989607, 0.6956795617197424, 0.695667028813496, 0.4521192055664662, 0.6955962949549137, 0.6955482499399575, 0.007395960213093472, 0.0010058275522725382, 0.0005124974774655709, 0.9995487005437489, 0.9995487060772307, 0.5720923593199904, 0.622742655817658, 8.933051574207806e-5, 1.6629072233823938, 1.7188017261452557, 8.831744018851262e-5, 144.29697270258407, 144.29694191011254, 7.607176409007817, 7.6072667913795495, -87.93195804741615, 3.3273785811829134e-7, 4.157281962120209e-7]
Standard for parameter vector 58
sol.t = [945000.0]
sol.u[end] = [0.013208878973541163, 2.36453574960607e-9, 0.9999999907693112, 0.9999999907673315, 0.9998080167289465, 0.9999999907692664, 0.9999999907672065, 0.9113231053500709, 0.9999748780513552, 0.00277346504530648, 0.9967708432787261, 1.8180375113177712e-8, 8.34773771796043e-5, 0.9996927795198807, 6.896509574084243e-5, 4.160260061280535e-5, 0.00011343024069555777, 0.26771023408940936, 0.00019375447831396512, 0.5009590277744217, 0.2719755354124185, 0.00018979507387821023, 0.6966262329424779, 0.696614232590374, 0.45323001337665014, 0.6965467105818401, 0.6965011209404792, 0.007375730561341558, 0.0010039823584947218, 0.0005115568358136904, 0.9995508485636251, 0.9995508538499138, 0.5908519519664681, 0.6444948943808109, 8.620267759097443e-5, 1.5737097151597852, 1.6262562325469232, 8.512209422422357e-5, 144.44803700398182, 144.4480051697616, 7.474375406735014, 7.474466809385194, -87.95919560586532, 2.686775736911846e-7, 3.356539920761556e-7]
Standard for parameter vector 59
sol.t = [859000.0]
sol.u[end] = [0.01059843678555183, 2.3773601680532737e-9, 0.9999999907122297, 0.9999999907106575, 0.9997575292957857, 0.9999999907121936, 0.9999999907105591, 0.9029087063250724, 0.9999676552042975, 0.0022144398465409657, 0.996776778499898, 1.824697660320558e-8, 8.376203300949103e-5, 0.9996401713028584, 6.922842184351663e-5, 5.5477329095378726e-5, 0.00015161568056051654, 0.2847211469256099, 0.00019424231336956415, 0.49883989982522287, 0.26740820591447717, 0.0001906219655206424, 0.6958308595015856, 0.6958213665861003, 0.4523076893567065, 0.6957683488611501, 0.6957328468177411, 0.0073927264067029964, 0.0010055318880303082, 0.0005123467538309378, 0.9995490541837198, 0.9995490583618493, 0.5790351851127871, 0.6312186001690465, 8.143841178083491e-5, 1.464057044132334, 1.5083235412034959, 8.026726685683007e-5, 144.59405947312138, 144.59403020682225, 7.35188552904061, 7.3519731703615525, -87.93630680691649, 1.6823775100363612e-7, 2.101568375055931e-7]
Standard for parameter vector 60
sol.t = [990000.0]
sol.u[end] = [0.013531485398891464, 2.3947860631900456e-9, 0.9999999906343235, 0.9999999906328195, 0.999846648822354, 0.9999999906342887, 0.9999999906327248, 0.9198252015434213, 0.9999799164879549, 0.003072153097870291, 0.9967848367264034, 1.8339510867914222e-8, 8.419691475981585e-5, 0.9996364792236934, 6.95901313796976e-5, 5.6284261659300725e-5, 0.00015370414359960611, 0.2496365496430704, 0.0001949134900548245, 0.500778588400311, 0.274990108611583, 0.00019174379714734395, 0.6947553982295802, 0.6947464079566461, 0.4510523361499077, 0.6946959453076831, 0.694661930716291, 0.007415728614288072, 0.001007627984208104, 0.0005134153020981889, 0.9995466109944581, 0.9995466149634799, 0.5998673898700048, 0.6557036111064669, 8.844051327601803e-5, 1.621596715546812, 1.6720923707205646, 8.743082116511556e-5, 144.39394732480596, 144.39391607160061, 7.519115359357625, 7.519204434780538, -87.90541241875204, 2.946951438875807e-7, 3.681932123827064e-7]
Standard for parameter vector 61
sol.t = [889000.0]
sol.u[end] = [0.012985979463359687, 2.3761507642168385e-9, 0.999999990717591, 0.9999999907159401, 0.9997577484319645, 0.9999999907175535, 0.9999999907158377, 0.9030163973064298, 0.9999672618225447, 0.0026487913533840587, 0.9967762256647033, 1.8237965061638362e-8, 8.367636751552351e-5, 0.9995606990648161, 6.919781158956418e-5, 7.665575904527774e-5, 0.0002100257737851763, 0.28618608322225286, 0.00019419727613921288, 0.49899033542673366, 0.2677445728253273, 0.00019054399641975941, 0.6959057570917794, 0.6958958017687619, 0.45239357485505366, 0.6958399014154342, 0.6958021955108675, 0.007391125332990585, 0.0010053860262889361, 0.0005122723964893741, 0.9995492225800111, 0.9995492269675524, 0.5796366211758834, 0.6317388115850321, 8.530031058864256e-5, 1.566262579703474, 1.616627190763422, 8.410531477662863e-5, 144.5401867791032, 144.54015518331326, 7.384217982396019, 7.384311228271861, -87.93846081419558, 2.689977469446184e-7, 3.3605500075670554e-7]
Standard for parameter vector 62
sol.t = [1.021e6]
sol.u[end] = [0.011702242049735254, 2.3422648914950187e-9, 0.9999999908690451, 0.9999999908676248, 0.999818275990861, 0.9999999908690134, 0.9999999908675372, 0.9144552963500787, 0.9999759063226982, 0.002753480895500893, 0.9967602685009094, 1.8057727762012946e-8, 8.283397233439086e-5, 0.9995783436087488, 6.849297289862807e-5, 7.228011595183241e-5, 0.00019830428680171357, 0.26223674244148343, 0.0001928766250931159, 0.5027255715130465, 0.2739447856761457, 0.00018835792254636485, 0.6980141339860546, 0.6980054447911724, 0.4548723646565816, 0.6979567379154669, 0.6979240666279162, 0.007346107718939957, 0.0010012767398770055, 0.0005101775704431784, 0.9995539944845765, 0.9995539983001841, 0.5919512796572627, 0.6464867777391007, 8.586828441825585e-5, 1.5542505321459488, 1.599390695599097, 8.49632716797341e-5, 144.87709032079235, 144.87706158164204, 7.050287022921908, 7.050368323770679, -87.9992141283795, 2.0887636881120346e-7, 2.609572950585359e-7]
Standard for parameter vector 63
sol.t = [1.073e6]
sol.u[end] = [0.015267314831035229, 2.4078317945790612e-9, 0.9999999905757515, 0.9999999905739633, 0.9997624155125923, 0.9999999905757112, 0.9999999905738495, 0.9031863962218862, 0.999969083357794, 0.0033770191550756457, 0.9967908605795598, 1.840841524025974e-8, 8.451702630975019e-5, 0.9996268271386286, 6.985986997771802e-5, 5.8725709604418056e-5, 0.00016032486197019197, 0.28328973055023865, 0.00019542145339702442, 0.49734790422602076, 0.26692743751737874, 0.00019258234633168643, 0.693954210069316, 0.6939435646378035, 0.4501116257183687, 0.6938835752121405, 0.6938428684490522, 0.007432880691347653, 0.0010091901758501342, 0.0005142116778504437, 0.9995447786213503, 0.9995447833320489, 0.5815068209464679, 0.6334550592693516, 9.070309530069091e-5, 1.6915265866912077, 1.7447771318460208, 8.962328175553769e-5, 144.25304145341673, 144.25301130230355, 7.645774056963764, 7.645865462248927, -87.88243743873643, 3.54290189844072e-7, 4.426833358039013e-7]
Standard for parameter vector 64
sol.t = [907000.0]
sol.u[end] = [0.011314777944402728, 2.3776416059399097e-9, 0.9999999907109847, 0.999999990709446, 0.9998061001724713, 0.9999999907109501, 0.9999999907093512, 0.9113221919168052, 0.9999748235409045, 0.0024394765624223117, 0.996776905807097, 1.8247342690809226e-8, 8.374436660508299e-5, 0.9996057330346452, 6.923190057526851e-5, 6.464669357383198e-5, 0.0001768987720431309, 0.26763590781769137, 0.00019425261647410433, 0.5005624818547578, 0.27217584250337956, 0.00019064011736639517, 0.6958134263664982, 0.6958041105714792, 0.45228792541857554, 0.6957520043295575, 0.6957170664767552, 0.0073930991052088176, 0.0010055658201118228, 0.0005123640517157295, 0.9995490152078244, 0.9995490193098276, 0.5907978612370306, 0.6445668595855142, 8.347313321900402e-5, 1.5099706712873697, 1.5555628961303913, 8.231884462707323e-5, 144.57160586407588, 144.57157600855518, 7.364786320619618, 7.364874937118522, -87.93580545459902, 2.1163502321340834e-7, 2.64383491115461e-7]
Standard for parameter vector 65
sol.t = [917000.0]
sol.u[end] = [0.01279521182698015, 2.3709671096488832e-9, 0.9999999907407063, 0.9999999907389532, 0.9997834433348759, 0.9999999907406674, 0.999999990738843, 0.906533660191177, 0.9999717160391074, 0.0026559876358352554, 0.9967738218454791, 1.821201877967334e-8, 8.358144228028118e-5, 0.9996124880022919, 6.909349383531576e-5, 6.291368278230185e-5, 0.00017217818145357752, 0.27752721163172156, 0.00019399878772654645, 0.5003080082976381, 0.27079405123245404, 0.00019020988427463824, 0.6962269498733558, 0.696216368837927, 0.45276736374220766, 0.696156920369404, 0.6961168293382196, 0.007384260911866989, 0.0010047601786797025, 0.0005119533522603881, 0.9995499488686563, 0.9995499535305481, 0.5869057132010178, 0.6397710811840198, 8.539683889752157e-5, 1.5695330402945127, 1.6183227450927617, 8.416557674336451e-5, 144.46792696945738, 144.46789359668597, 7.456077353057135, 7.456172912625913, -87.94770098083977, 2.8343502636321425e-7, 3.5410018821305904e-7]
Standard for parameter vector 66
sol.t = [956000.0]
sol.u[end] = [0.013613647985135799, 2.373882894660936e-9, 0.9999999907276016, 0.9999999907257111, 0.9997837832238526, 0.9999999907275596, 0.999999990725593, 0.9071428253448466, 0.9999710848104596, 0.002918993595892874, 0.9967751990838717, 1.822979518714188e-8, 8.370397285901024e-5, 0.9996808674333014, 6.915884643446445e-5, 4.467525076130311e-5, 0.00012184928126086893, 0.277146912392975, 0.00019411453128442965, 0.4995939182342245, 0.26922193646999093, 0.00019039770030036097, 0.6960463391842362, 0.6960349688468139, 0.45255287175942327, 0.6959709788978506, 0.6959277267758529, 0.007388120344266909, 0.0010051123903114625, 0.0005121329024763524, 0.9995495367393713, 0.9995495417528398, 0.5844811503638386, 0.6372309909475418, 8.734624453162765e-5, 1.6012155016074912, 1.6536292576159963, 8.626785023063466e-5, 144.44505536017203, 144.44502408919197, 7.471851427319676, 7.4719426136647895, -87.9425048931766, 2.7432249148915567e-7, 3.42721408988761e-7]
Standard for parameter vector 67
sol.t = [942000.0]
sol.u[end] = [0.014748700710673603, 2.3858090442956063e-9, 0.9999999906744789, 0.9999999906729605, 0.999741853492725, 0.999999990674444, 0.9999999906728655, 0.9007016266490915, 0.9999651760516737, 0.0034611489254772546, 0.9967806925512512, 1.8291451344458584e-8, 8.39639066125791e-5, 0.9996257197907085, 6.940301969188008e-5, 5.924161105699873e-5, 0.00016192639515786702, 0.2897299755154596, 0.00019456766473543543, 0.49796916533602686, 0.26604310761141364, 0.00019116610172497942, 0.6953086947862647, 0.6952995963640004, 0.4516982855101039, 0.6952483613605385, 0.6952136606492482, 0.007403891454690572, 0.001006549531716076, 0.0005128655281280639, 0.9995478694849039, 0.9995478735018385, 0.5762165054712401, 0.6279317234402844, 9.115096268491165e-5, 1.6892282707724406, 1.7404433107068151, 9.02035748827474e-5, 144.50289304877958, 144.50286287207066, 7.396565186227425, 7.396652757621154, -87.92129905568706, 2.959530747935148e-7, 3.6979443994989296e-7]
Standard for parameter vector 68
sol.t = [1.0e6]
sol.u[end] = [0.013032668803838642, 2.3632565383657817e-9, 0.9999999907750559, 0.99999999077313, 0.9998151534350135, 0.9999999907750126, 0.9999999907730083, 0.913337248915773, 0.9999759489490557, 0.0029529054177859044, 0.9967702366694974, 1.8171228793315975e-8, 8.339422213852405e-5, 0.9996219761657006, 6.893359157442035e-5, 6.046421862677402e-5, 0.0001654866455448309, 0.26369075446732587, 0.00019370369877362735, 0.5011855651747613, 0.2724244658940316, 0.0001897126143091939, 0.696705680429185, 0.6966940040692327, 0.4533243844934517, 0.6966283200763677, 0.69658400553615, 0.0073740337718158026, 0.0010038274390378292, 0.0005114778611539594, 0.9995510294690735, 0.9995510346118492, 0.5919583622998004, 0.6459482324317694, 8.75782513695751e-5, 1.6094191287568054, 1.6572079822288517, 8.653005247354659e-5, 144.3869681045794, 144.38693625273362, 7.5290475623632656, 7.529137083644042, -87.96148353174071, 2.810561666948447e-7, 3.511553378114385e-7]
Standard for parameter vector 69
sol.t = [959000.0]
sol.u[end] = [0.009925288560048503, 2.360910517668435e-9, 0.9999999907856343, 0.9999999907838898, 0.9998442760991624, 0.9999999907855953, 0.99999999078378, 0.9199334868404706, 0.9999793973599322, 0.0021268880223512133, 0.996769112894252, 1.8157262553499267e-8, 8.330335690992232e-5, 0.9995773278712712, 6.888169887996695e-5, 7.23722223006096e-5, 0.0001983697078913436, 0.2503497487293894, 0.00019360874606257934, 0.5021776527313808, 0.27487835957319234, 0.00018956141753005584, 0.6968514178071981, 0.6968407889041772, 0.45349933069945547, 0.6967814583236929, 0.6967418481229147, 0.007370921651925492, 0.0010035431460520482, 0.0005113329346390792, 0.9995513627310486, 0.9995513674013934, 0.597670426115178, 0.6534014326641447, 8.050426264321261e-5, 1.442125594669201, 1.484290697782744, 7.942900982668123e-5, 144.54148485961915, 144.5414553923914, 7.40925756995545, 7.409341520138943, -87.96568117811456, 1.5661234176094273e-7, 1.9563599903593504e-7]
Standard for parameter vector 70
sol.t = [820000.0]
sol.u[end] = [0.01232080427073402, 2.3601208991072027e-9, 0.9999999907893086, 0.9999999907878266, 0.9997423833875163, 0.9999999907892753, 0.9999999907877355, 0.9004175903109096, 0.9999649609993335, 0.0026943358921922337, 0.9967687080009977, 1.815584750849229e-8, 8.334436667473595e-5, 0.9996625745976415, 6.887116540588717e-5, 4.968920384941483e-5, 0.00013577552503928956, 0.2906852799359327, 0.00019357254429499442, 0.49952261253925295, 0.2673021149968738, 0.0001895106764565583, 0.696900356535969, 0.6968913474561791, 0.45356271413870713, 0.6968408218823628, 0.6968068275385266, 0.007369876972299733, 0.0010034473528454007, 0.0005112841013097588, 0.9995514788130153, 0.9995514827762153, 0.5765537908857714, 0.6284437083506955, 8.550592642791575e-5, 1.5566443338415872, 1.6045827020328123, 8.448117290915499e-5, 144.70979785589387, 144.7097668988879, 7.216773340824132, 7.216860928890127, -87.96709050145303, 2.186039555762717e-7, 2.7310098284891383e-7]
Standard for parameter vector 71
sol.t = [828000.0]
sol.u[end] = [0.014694720646517235, 2.3730440494350203e-9, 0.9999999907315117, 0.9999999907299193, 0.9997385433944423, 0.9999999907314756, 0.9999999907298203, 0.8993096056469991, 0.9999655705607321, 0.0030639940320513854, 0.9967747705528703, 1.8222704430782632e-8, 8.36253871363717e-5, 0.9996008010180234, 6.913593912942754e-5, 6.600533270901217e-5, 0.00018068711439193252, 0.29135155309764993, 0.00019407583594980595, 0.4990004465990784, 0.26740818823870877, 0.0001903438597670158, 0.696098117452654, 0.6960885180071394, 0.4526200908014279, 0.696034471771797, 0.6959978904851711, 0.007387014159591597, 0.00100501101986244, 0.0005120812259085876, 0.9995496600742462, 0.9995496643068027, 0.5782324220407429, 0.6298693251438499, 8.830102894436694e-5, 1.6305363645987438, 1.6865377774484434, 8.736756277963804e-5, 144.59311885472582, 144.59308833725692, 7.317407641591086, 7.317495262695494, -87.94399374162192, 3.076460052495908e-7, 3.8435692686827495e-7]
Standard for parameter vector 72
sol.t = [878000.0]
sol.u[end] = [0.012778606982365413, 2.366256785831062e-9, 0.9999999907618665, 0.9999999907603242, 0.9998083439268615, 0.9999999907618319, 0.9999999907602289, 0.9118520115948052, 0.999974730971213, 0.003021748762662938, 0.9967715933234731, 1.8188039074647726e-8, 8.348728868960108e-5, 0.9996464907545857, 6.899784374834888e-5, 5.390763044824397e-5, 0.0001473713090215032, 0.26679865641968814, 0.00019381188399374675, 0.5010263696097974, 0.27211134473218057, 0.00018990637406849, 0.6965190648545591, 0.6965097116962736, 0.4531142567365397, 0.6964572107081737, 0.6964218774096197, 0.007378020256589852, 0.0010041905434044949, 0.0005116629640926759, 0.9995506147636448, 0.9995506188817994, 0.5900468991163653, 0.6439338494000337, 8.796889464125016e-5, 1.6042583930155814, 1.652068534775658, 8.705340913609409e-5, 144.59442820272326, 144.59439879604878, 7.322469328508595, 7.3225531182598065, -87.95610870260293, 2.4130228677223205e-7, 3.0148265347393093e-7]
Standard for parameter vector 73
sol.t = [1.079e6]
sol.u[end] = [0.01572752560875796, 2.419252274360483e-9, 0.9999999905246539, 0.9999999905229946, 0.9997492153294691, 0.9999999905246166, 0.9999999905228883, 0.9014302471982333, 0.9999671414923469, 0.0033922754131481734, 0.9967960509429704, 1.8468291992155976e-8, 8.478902451951613e-5, 0.9996075733737946, 7.009498617094125e-5, 6.374655105263456e-5, 0.0001740506110798494, 0.2871328068321531, 0.00019585689663823548, 0.4965362774293725, 0.2659564665463208, 0.00019331596884335385, 0.6932551940469084, 0.6932453508283559, 0.4493006630514794, 0.6931899287119655, 0.6931523236936697, 0.007447857516587334, 0.0010105526787879105, 0.000514906257075489, 0.9995431836670804, 0.999543188026378, 0.5792420290273596, 0.6309610059077349, 9.076800973504386e-5, 1.7009584156492656, 1.7555957988882323, 8.972849264352795e-5, 144.083334278635, 144.08330203653824, 7.813464507113098, 7.813557153987502, -87.86241892361949, 3.660086911657609e-7, 4.5732583793511275e-7]
Standard for parameter vector 74
sol.t = [902000.0]
sol.u[end] = [0.01337325472959136, 2.3714640404640436e-9, 0.9999999907385252, 0.9999999907368506, 0.9998315642975818, 0.9999999907384877, 0.9999999907367443, 0.9165899864454056, 0.9999780201420018, 0.002972298248380759, 0.9967740444124745, 1.8217052402904324e-8, 8.364608441289804e-5, 0.9996849979055084, 6.910885579831836e-5, 4.3600829343695846e-5, 0.0001189011217830278, 0.2567586569570311, 0.00019401647802801914, 0.5014768672334631, 0.27416551230006525, 0.00019024196777734474, 0.6961960946793161, 0.6961859640838371, 0.45273288379661875, 0.6961290012602501, 0.6960905689508693, 0.007384920323884464, 0.0010048201991494764, 0.0005119839494519413, 0.999549880431582, 0.9995498848963378, 0.5961681101439654, 0.6510796765687814, 8.770276535614045e-5, 1.6047688758489695, 1.655699336597574, 8.66779238569692e-5, 144.5230413183858, 144.52300997874542, 7.393334032142803, 7.393423496867898, -87.9468129358612, 2.8564194380671774e-7, 3.5687141808521114e-7]
Standard for parameter vector 75
sol.t = [1.107e6]
sol.u[end] = [0.012483581063041267, 2.400883562870077e-9, 0.999999990606862, 0.9999999906050704, 0.9997844058082805, 0.9999999906068217, 0.9999999906049573, 0.908202836243968, 0.9999699491889812, 0.002761089648355053, 0.9967876775903816, 1.8372600831825493e-8, 8.436566767189409e-5, 0.9996584234722702, 6.97180634268808e-5, 5.037326332506611e-5, 0.0001373741748199064, 0.2773312287895462, 0.00019515437519377867, 0.4976145502922694, 0.26684041156534993, 0.0001921357236120232, 0.6943806354018591, 0.6943699092981827, 0.4506085803078342, 0.6943098110463839, 0.694269354747516, 0.007423749680793099, 0.0010083589456103465, 0.0005137879322437823, 0.9995457512502705, 0.9995457559860415, 0.5812346302960147, 0.6339117982489688, 8.608328195179031e-5, 1.5691994016423014, 1.6174963535441336, 8.502335696108836e-5, 144.30942355924762, 144.30939466105121, 7.614553538305088, 7.614640284819476, -87.89466185587101, 2.2134532911546944e-7, 2.7653210309621014e-7]
Standard for parameter vector 76
sol.t = [1.109e6]
sol.u[end] = [0.01604414556223745, 2.418343455468738e-9, 0.999999990528658, 0.9999999905268747, 0.999773776178542, 0.9999999905286175, 0.9999999905267611, 0.905070850116811, 0.9999707645390178, 0.0035316466374248176, 0.9967956530636427, 1.846332987949013e-8, 8.476312675614626e-5, 0.9996031067975253, 7.007584224510505e-5, 6.494686645580971e-5, 0.00017736191789685681, 0.27881060122665297, 0.00019582467054331118, 0.49708631491113386, 0.2673881110106959, 0.00019325753210959175, 0.6933108028199675, 0.6933002293758621, 0.4493626514442723, 0.6932406391122039, 0.6932001781879145, 0.007446665526267906, 0.001010444454328889, 0.0005148510861800116, 0.9995433084326505, 0.9995433131163074, 0.5836433647563, 0.6359696391931994, 9.160672903746557e-5, 1.7155175908756037, 1.7711659173114636, 9.068058265161888e-5, 144.03432021135026, 144.0342885943903, 7.859363430582725, 7.859452966971617, -87.8640107868532, 3.610443369509348e-7, 4.511298961278452e-7]
Standard for parameter vector 77
sol.t = [1.021e6]
sol.u[end] = [0.014344981871672555, 2.382804115261424e-9, 0.9999999906877186, 0.9999999906858371, 0.99981852305535, 0.9999999906876765, 0.9999999906857193, 0.91352763551212, 0.9999763608264377, 0.003181060592687104, 0.9967793457768409, 1.8275497388259934e-8, 8.388927739842722e-5, 0.9996267927926495, 6.934058355943422e-5, 5.8985982224269345e-5, 0.0001612461027967039, 0.26274554277209955, 0.0001944592853665297, 0.5002256658622297, 0.27205386301106843, 0.00019097236979436004, 0.6954944710594771, 0.6954831925230488, 0.45190739508287986, 0.6954196638239055, 0.695376671385498, 0.007399918028840679, 0.0010061879898382042, 0.0005126812212860778, 0.9995482843673156, 0.99954828934581, 0.5927547983826743, 0.6468329983250862, 8.924882880126163e-5, 1.6528237869382518, 1.704530175701518, 8.823113413302462e-5, 144.33780361851106, 144.33777244469113, 7.5689381872103905, 7.569027842870786, -87.9266376747276, 3.2885499479837783e-7, 4.1088750892393555e-7]
Standard for parameter vector 78
sol.t = [994000.0]
sol.u[end] = [0.009522517514836269, 2.3635985581368487e-9, 0.999999990773847, 0.9999999907724965, 0.9998233552822603, 0.9999999907738167, 0.9999999907724132, 0.9152569249971984, 0.9999767049080592, 0.001975854422112606, 0.996770323456347, 1.8174462636730875e-8, 8.343330250106937e-5, 0.9996644906025328, 6.894377181024879e-5, 4.914307822696381e-5, 0.0001342440847624037, 0.25989635495475993, 0.00019370464946520796, 0.501804506827715, 0.27389680012294765, 0.00018973508983896408, 0.6966840584240576, 0.6966758319976772, 0.45331198434239084, 0.6966300246633744, 0.696599518847298, 0.007374496290635914, 0.0010038686966598273, 0.0005114988934151223, 0.9995509920630177, 0.999550995676002, 0.593392792653306, 0.6482210240882847, 7.902803326684085e-5, 1.4083203515010811, 1.4503834508618128, 7.792025375396779e-5, 144.77973941169896, 144.77971057791817, 7.1779365057333715, 7.178020341792947, -87.96085943746422, 1.390390680302123e-7, 1.736739564023175e-7]
Standard for parameter vector 79
sol.t = [1.057e6]
sol.u[end] = [0.013366314927586368, 2.3906799222854052e-9, 0.9999999906524939, 0.9999999906506323, 0.9997973073929929, 0.9999999906524519, 0.9999999906505146, 0.9099601491308905, 0.9999731519235553, 0.0030483066482654936, 0.9967829882823402, 1.8318245195072086e-8, 8.410611516364587e-5, 0.9996533442104593, 6.950600127774787e-5, 5.183208310940158e-5, 0.0001414662860350637, 0.2713633449965743, 0.00019476286654495828, 0.4989764143737238, 0.2694410451137628, 0.00019147935035330595, 0.6950085178592519, 0.6949973584011423, 0.4513398695798056, 0.6949346116334942, 0.6948922238213284, 0.007410312119394576, 0.0010071351550271182, 0.000513164067356438, 0.9995471798920054, 0.9995471848192647, 0.5868574282408074, 0.6399994475122107, 8.840480703304308e-5, 1.627606698118805, 1.6757308868791734, 8.725310402058147e-5, 144.32983794285295, 144.32980754576454, 7.5824659671700285, 7.582557433039609, -87.91267899867995, 2.888264104114704e-7, 3.60871075433038e-7]
Standard for parameter vector 80
sol.t = [922000.0]
sol.u[end] = [0.012613881196014769, 2.357954359746717e-9, 0.9999999907987813, 0.999999990796932, 0.9998141659366574, 0.9999999907987395, 0.9999999907968181, 0.9133512435365028, 0.9999749910258585, 0.002867129412437134, 0.9967677364778876, 1.814377692305175e-8, 8.327885276494066e-5, 0.9996472964040832, 6.882488155902277e-5, 5.3778070311967815e-5, 0.00014707666201293422, 0.2651358480743883, 0.0001934961936940662, 0.5012440137989984, 0.2718883725915379, 0.00018937062719597274, 0.6970354098521786, 0.6970241862710109, 0.4537129197562614, 0.696961117458952, 0.696918636173756, 0.007366992887678921, 0.0010031847188539317, 0.0005111502161378582, 0.9995517768170427, 0.9995517817563888, 0.5900404935797006, 0.6440483391192218, 8.682633929239533e-5, 1.5791112418321034, 1.6280337574966124, 8.586528070247584e-5, 144.549019870736, 144.54899004420545, 7.372777071584187, 7.372862466247588, -87.97098304067245, 2.3124984004286602e-7, 2.889097681220132e-7]
Standard for parameter vector 81
sol.t = [956000.0]
sol.u[end] = [0.012229197859745466, 2.3697031584745137e-9, 0.9999999907462951, 0.9999999907444455, 0.9998234532144625, 0.9999999907462532, 0.9999999907443314, 0.9150722592858392, 0.9999768392922902, 0.0027387456346800176, 0.9967732444829994, 1.8207732996023797e-8, 8.360327026445057e-5, 0.99968702812532, 6.907230975418055e-5, 4.307892257459061e-5, 0.00011747217923170133, 0.2604666411748143, 0.0001939519747856187, 0.5010446282225183, 0.27276195664296643, 0.00019012833762147518, 0.6963053952267849, 0.6962941934629695, 0.4528569654387502, 0.6962312993271861, 0.6961889565081004, 0.007382584646558789, 0.001004607449845013, 0.0005118754942739358, 0.9995501245780818, 0.9995501295122228, 0.5933046564929788, 0.6476806935805814, 8.595898955620807e-5, 1.5670853542431256, 1.6137604410955368, 8.484397428448076e-5, 144.48162781861052, 144.48159674487482, 7.4430368525606045, 7.443126679145229, -87.94995874106024, 2.495614552733726e-7, 3.1178893774937065e-7]
Standard for parameter vector 82
sol.t = [1.091e6]
sol.u[end] = [0.012599924395644066, 2.4002426290088034e-9, 0.9999999906097298, 0.9999999906079307, 0.9997527223087482, 0.9999999906096895, 0.9999999906078171, 0.9028455474443976, 0.9999664195105284, 0.0028746043448927144, 0.9967873839444656, 1.836618984189987e-8, 8.428476235577816e-5, 0.9995662516172297, 6.96983933691327e-5, 7.494883613927957e-5, 0.00020507103937994928, 0.28618400199037464, 0.00019512984189813069, 0.49690250620727183, 0.26491232060075803, 0.00019209450998841927, 0.6944200181865231, 0.6944092618198728, 0.4506543957097898, 0.6943489331490802, 0.6943082645233174, 0.007422906578723183, 0.001008282183838241, 0.0005137488005476143, 0.9995458409305369, 0.9995458456807873, 0.5761638819416686, 0.6279221761725493, 8.70416590980398e-5, 1.5906186294878435, 1.637392240940217, 8.592407492540773e-5, 144.29418441389655, 144.2941544666879, 7.625709467053653, 7.625798910700939, -87.89579133901071, 2.3232734984746746e-7, 2.902656897821996e-7]
Standard for parameter vector 83
sol.t = [1.201e6]
sol.u[end] = [0.012341708422228839, 2.428155444599539e-9, 0.9999999904847608, 0.9999999904831418, 0.999786420717998, 0.9999999904847235, 0.99999999048304, 0.9079058577237281, 0.999971734706083, 0.0028458678347967684, 0.9968000818656553, 1.851727628921471e-8, 8.505219106639571e-5, 0.9996641228776273, 7.02830554993448e-5, 4.85708673299059e-5, 0.00013222550577826083, 0.2752050730879011, 0.00019619676808427589, 0.4968495862855848, 0.2677339858182969, 0.0001938873668203537, 0.692711968045406, 0.6927023776639646, 0.44867003596257443, 0.6926487428834663, 0.6926126781751256, 0.0074595038767406, 0.0010116116888714275, 0.0005154461218032876, 0.9995419404904015, 0.9995419447335147, 0.5848331711181731, 0.6376304036497134, 8.685769777687359e-5, 1.5882721769868906, 1.6336629944035372, 8.569922697268425e-5, 144.08066602956924, 144.08063622164593, 7.839942056587633, 7.8400319082911425, -87.84687965397399, 2.414966551502047e-7, 3.017250053560249e-7]
Standard for parameter vector 84
sol.t = [927000.0]
sol.u[end] = [0.013076389195364246, 2.3585782493075495e-9, 0.9999999907958328, 0.9999999907936868, 0.9997403415066579, 0.9999999907957848, 0.9999999907935536, 0.8996724986875569, 0.9999653334442986, 0.0026211630184416828, 0.9967680675575713, 1.814676353311363e-8, 8.328728353963007e-5, 0.9996370532119898, 6.883711275025146e-5, 5.649808882194443e-5, 0.00015457917059789276, 0.29175578411967634, 0.00019352668778352774, 0.4991536233045429, 0.2664859027089239, 0.000189410667735071, 0.6969967672923094, 0.6969837742416783, 0.45366095213201624, 0.6969106376390678, 0.6968612073984298, 0.007367817560090254, 0.0010032604811466119, 0.0005111888381250276, 0.9995516835479106, 0.9995516892687387, 0.5768902881282032, 0.6282737671461945, 8.505388370306789e-5, 1.559799214017105, 1.611616777072773, 8.387476692264987e-5, 144.4884453448143, 144.48841366463895, 7.4370244547364655, 7.437117691234653, -87.96987012192572, 2.630897310584654e-7, 3.286663371745932e-7]
Standard for parameter vector 85
sol.t = [979000.0]
sol.u[end] = [0.014332428478427167, 2.3757634748928743e-9, 0.999999990719068, 0.9999999907169609, 0.9997956252753787, 0.9999999907190203, 0.9999999907168279, 0.9089044465538776, 0.9999736081136723, 0.0029147009705955866, 0.9967761033136172, 1.8236540918582712e-8, 8.368020369927002e-5, 0.9995813755985996, 6.919104730281368e-5, 7.115237114134549e-5, 0.00019485555711707886, 0.271734587850272, 0.00019419201812179466, 0.4999195014262085, 0.27047330650097867, 0.00019051871244350389, 0.6959300238258247, 0.6959173332044023, 0.4524117548270147, 0.6958458033981343, 0.6957973552636424, 0.007390606066878475, 0.0010053394294036455, 0.000512248642349631, 0.9995492684809977, 0.9995492740799732, 0.5884927004222369, 0.6415693435266555, 8.728200481640344e-5, 1.6053033469794755, 1.6615797262934275, 8.623367465145987e-5, 144.32405883779148, 144.3240263758643, 7.591476095674629, 7.591568540590158, -87.93915979454023, 3.1149678319489114e-7, 3.891539907990033e-7]
Standard for parameter vector 86
sol.t = [1.089e6]
sol.u[end] = [0.012343367343739232, 2.406432115101921e-9, 0.9999999905821702, 0.9999999905806557, 0.9997660468880419, 0.9999999905821355, 0.9999999905805612, 0.9043697833842417, 0.9999688901991641, 0.0028764321008632695, 0.9967901863620544, 1.839833137336935e-8, 8.442537784626119e-5, 0.9995439078454474, 6.982522487776396e-5, 8.084782747537612e-5, 0.00022124834053673326, 0.28216585287628504, 0.0001953618603354783, 0.4975508926908259, 0.26715784432177003, 0.00019249259344318755, 0.6940398673438946, 0.6940308166142615, 0.45021744340121306, 0.6939801542439532, 0.6939460811594254, 0.007431046539048711, 0.0010090227902759114, 0.0005141263477921536, 0.9995449795301342, 0.999544983527231, 0.580927421948198, 0.6332142956773884, 8.700540648526431e-5, 1.5861059854994615, 1.631950684022694, 8.593871827743276e-5, 144.3908500152823, 144.39082140142276, 7.530059916382114, 7.530146335778689, -87.88489159100192, 2.2904230330406009e-7, 2.861616406816976e-7]
Standard for parameter vector 87
sol.t = [1.157e6]
sol.u[end] = [0.014209092150515324, 2.4242067663963547e-9, 0.9999999905022098, 0.9999999905001332, 0.999762266251775, 0.9999999905021624, 0.9999999905000008, 0.9041701529994659, 0.9999681287195257, 0.0031982342316985842, 0.9967983507940585, 1.8496093160006078e-8, 8.494743344201245e-5, 0.9996555582586419, 7.02007219170368e-5, 5.089677834298351e-5, 0.00013865132619966385, 0.28346228968249326, 0.0001960553922370599, 0.49573025002338206, 0.2645343248600515, 0.00019363367640178373, 0.6929529928408055, 0.6929406909655939, 0.44894009988490935, 0.6928714930133067, 0.6928246115355978, 0.007454335114904846, 0.0010111424721519378, 0.0005152069232972121, 0.9995424835704181, 0.9995424890199789, 0.5785174955612797, 0.6302131339451085, 8.955614570807062e-5, 1.6625115268017039, 1.7121211799973504, 8.835604699008102e-5, 144.0329725015177, 144.03294242158847, 7.872193849774322, 7.8722871491912, -87.85377343984788, 3.1261301180789585e-7, 3.906045629399362e-7]
Standard for parameter vector 88
sol.t = [990000.0]
sol.u[end] = [0.014221688827397808, 2.3796987597540062e-9, 0.999999990701639, 0.9999999906998158, 0.9997512666033082, 0.9999999907015986, 0.999999990699702, 0.9018512752176714, 0.9999673755073158, 0.0032914941077976678, 0.9967778968647073, 1.826118956191668e-8, 8.3859593030001e-5, 0.9996939600510415, 6.928070815410136e-5, 4.1126643713079245e-5, 0.00011202775765352712, 0.28657192729765535, 0.00019433805204411046, 0.49838641081950974, 0.26660126944334406, 0.0001907724290507403, 0.6956863577103474, 0.6956754225660868, 0.45213312498331687, 0.6956138153344034, 0.6955720966251048, 0.007395815255426691, 0.0010058138975052725, 0.0005124905165411721, 0.9995487213252775, 0.9995487261510645, 0.5786101638361797, 0.6302677627898724, 9.004759982096185e-5, 1.6641874670365362, 1.714409470587927, 8.902355623000547e-5, 144.48530256174976, 144.48527344435973, 7.419322834230007, 7.419410775982201, -87.93215278185991, 3.0089695349022695e-7, 3.75963423136052e-7]
Standard for parameter vector 89
sol.t = [717000.0]
sol.u[end] = [0.00988288602766178, 2.3564927492600005e-9, 0.9999999908053885, 0.9999999908036815, 0.9998113134114163, 0.9999999908053497, 0.9999999908035754, 0.9128068058381926, 0.9999752075022245, 0.002065017454154169, 0.9967670304093197, 1.813545279979618e-8, 8.323044503848064e-5, 0.999631254379674, 6.879334643345345e-5, 5.8062360582638395e-5, 0.00015891434721961384, 0.264830130741749, 0.00019343629270727954, 0.5014840149848606, 0.2722876914455899, 0.00018927641287146704, 0.6971263231519456, 0.697115936773841, 0.45382283364868264, 0.6970579459832869, 0.69701921229836, 0.007365052129113089, 0.0010030073297955288, 0.0005110597870227458, 0.9995519851275853, 0.9995519896896662, 0.5901763199985963, 0.6442436476265199, 7.995406350003359e-5, 1.429280742512265, 1.472114982663808, 7.88204159083861e-5, 144.61855263638972, 144.6185228491834, 7.334706898295756, 7.334792963696604, -87.9736030047862, 1.4930822384996621e-7, 1.8650542644730293e-7]
Standard for parameter vector 90
sol.t = [915000.0]
sol.u[end] = [0.010988198096790155, 2.368217899967925e-9, 0.9999999907530984, 0.9999999907515423, 0.9998097262138299, 0.9999999907530638, 0.9999999907514437, 0.9124091444542238, 0.9999749928774968, 0.002395294188117755, 0.9967725127542505, 1.81965167237712e-8, 8.349356672413642e-5, 0.9995862356032422, 6.90345190503971e-5, 6.993059515082553e-5, 0.00019156053375262802, 0.2659944732624331, 0.00019388815035322352, 0.501071777584307, 0.2724842414525131, 0.00019003280339218215, 0.696397348966087, 0.6963879039973453, 0.4529712989628677, 0.6963350865947419, 0.69629970804143, 0.007380620420137378, 0.001004427786081171, 0.0005117839054352135, 0.9995503387910897, 0.9995503429460637, 0.5907792868926118, 0.6448246366016135, 8.304011925502911e-5, 1.4992480649681943, 1.5435721811838012, 8.192751192295419e-5, 144.54962239758518, 144.54959133787202, 7.389136251198193, 7.389224406117216, -87.95260472950304, 1.9439582807922823e-7, 2.4284749859381706e-7]
Standard for parameter vector 91
sol.t = [989000.0]
sol.u[end] = [0.013849339681492769, 2.3913053474465702e-9, 0.9999999906498988, 0.9999999906483925, 0.9998259394173906, 0.9999999906498641, 0.9999999906482976, 0.9153103574688368, 0.9999773502066841, 0.003264177846039799, 0.9967832318795941, 1.832166743742596e-8, 8.412371688434844e-5, 0.9996560869885215, 6.95192566559689e-5, 5.109470410700773e-5, 0.00013943002683759317, 0.2590522400165946, 0.0001947793985631103, 0.5003707379725116, 0.27331346316871474, 0.0001915198570112426, 0.6949697492792289, 0.6949607392518421, 0.45130256870859686, 0.694910114514977, 0.69487595321984, 0.007411142021438961, 0.0010072101717486823, 0.0005132023094158167, 0.999547098880289, 0.9995471028578891, 0.5950559744156585, 0.649746451864774, 8.981347381650098e-5, 1.6573955337680584, 1.7063508645229406, 8.883006429300064e-5, 144.36236360262282, 144.3623314907985, 7.543807212139523, 7.543896384805564, -87.91156508795312, 3.059132643505335e-7, 3.8223295125950624e-7]
Standard for parameter vector 92
sol.t = [944000.0]
sol.u[end] = [0.011735035479878381, 2.343269203549118e-9, 0.999999990864359, 0.9999999908625671, 0.9997493955572896, 0.9999999908643185, 0.9999999908624566, 0.9016144782500003, 0.9999662078049901, 0.0024612090336750122, 0.9967607931443011, 1.8066727118574847e-8, 8.293905276543106e-5, 0.9996897172541908, 6.85214649647671e-5, 4.2643640565423314e-5, 0.00011643353517099118, 0.28835177642209187, 0.00019292367876402202, 0.5002737989171077, 0.2675590101337347, 0.0001884225347502435, 0.6979515660155189, 0.6979406223284687, 0.45479034600468576, 0.6978791964343347, 0.6978378762055641, 0.007347441814754207, 0.0010013992462037575, 0.0005102400214178889, 0.9995538459647618, 0.9995538507724577, 0.5772936325793472, 0.629141705696528, 8.359288600462811e-5, 1.515443663636234, 1.5629337846049602, 8.250844058011165e-5, 144.7911217979693, 144.7910919681574, 7.143886342092009, 7.143973624265775, -87.99740864202383, 2.0476544716860405e-7, 2.557973149279712e-7]
Standard for parameter vector 93
sol.t = [1.061e6]
sol.u[end] = [0.012952649133567274, 2.3897698030414327e-9, 0.9999999906564248, 0.9999999906543108, 0.9997920509878399, 0.999999990656377, 0.999999990654178, 0.9086094097639252, 0.9999730372866116, 0.002797844213383674, 0.9967825996397957, 1.831398049781177e-8, 8.409592960747249e-5, 0.9996708696856652, 6.948826435873e-5, 4.717181504745509e-5, 0.00012862900595274237, 0.27325827311774153, 0.0001947330817852146, 0.49896272688256676, 0.2694346784571262, 0.00019142059818711527, 0.6950647746623496, 0.6950521024708909, 0.4513999788769092, 0.6949808602351781, 0.6949327431234004, 0.007409108254638497, 0.0010070258879182738, 0.0005131083651236638, 0.9995473028173718, 0.9995473084118395, 0.5872860434861752, 0.6401132350720113, 8.657777130082317e-5, 1.5894167109339632, 1.638111288590412, 8.531810351558337e-5, 144.21719281621532, 144.21716089076307, 7.7027421124202, 7.702837599383392, -87.91429489178462, 2.8487599644698747e-7, 3.559135952280722e-7]
Standard for parameter vector 94
sol.t = [977000.0]
sol.u[end] = [0.011278242959170313, 2.3852632934296675e-9, 0.9999999906769185, 0.9999999906754047, 0.9998118711632649, 0.9999999906768837, 0.9999999906753102, 0.9130591697026431, 0.9999751733609804, 0.002449475727843272, 0.9967804397172323, 1.8289550296569167e-8, 8.397205412067585e-5, 0.9996561028588111, 6.939378790160269e-5, 5.115274429112577e-5, 0.00013963327999163468, 0.26509063571059, 0.00019454648108189917, 0.5000776639124441, 0.2716958297331331, 0.00019113096485109173, 0.6953423831392941, 0.6953332670563702, 0.45173768618349386, 0.6952823040896319, 0.6952481408137755, 0.007403170942158718, 0.0010064838754578376, 0.0005128320578716118, 0.9995479460186041, 0.9995479500350168, 0.5905285400915419, 0.6445497988261712, 8.357877657394762e-5, 1.5138132658973786, 1.558528559513326, 8.240704583462395e-5, 144.5258274620768, 144.52579790049316, 7.409940022815995, 7.410028589268226, -87.9222668708891, 2.1241005021745626e-7, 2.6535644390412895e-7]
Standard for parameter vector 95
sol.t = [825000.0]
sol.u[end] = [0.011018084925031748, 2.359296641821563e-9, 0.9999999907928744, 0.9999999907911726, 0.9997918157886158, 0.9999999907928366, 0.9999999907910664, 0.9089168366531629, 0.9999723799605492, 0.0023098607125345088, 0.9967683482653457, 1.8150805044425133e-8, 8.330962014481278e-5, 0.99964310570196, 6.88526012921166e-5, 5.487972909686586e-5, 0.00015010721130624485, 0.2732692126127455, 0.00019354507464128113, 0.5008012153073551, 0.27072997533862964, 0.00018945734068936178, 0.6969517772632804, 0.6969414581385656, 0.4536181915611386, 0.6968836762846621, 0.6968449159026487, 0.007368778728950423, 0.0010033474769105557, 0.0005112331866977578, 0.9995515907412887, 0.9995515952785963, 0.586111884917402, 0.6393953553597835, 8.235466875070529e-5, 1.488618041369232, 1.5334643546079179, 8.115494487542969e-5, 144.5931402729639, 144.59310866330503, 7.347751296995783, 7.347842332864276, -87.96857263239363, 1.952256673634138e-7, 2.438781409787423e-7]
Standard for parameter vector 96
sol.t = [788000.0]
sol.u[end] = [0.01221600001826342, 2.362503495087376e-9, 0.9999999907785879, 0.9999999907769478, 0.9997491763334685, 0.9999999907785508, 0.9999999907768455, 0.9015070303658581, 0.9999660819459728, 0.0027077878176802526, 0.9967698459848462, 1.8167777897463224e-8, 8.338741752957811e-5, 0.9996389838154338, 6.891914293021945e-5, 5.5944295866819554e-5, 0.00015302017473954358, 0.2884154472362232, 0.00019366823592753798, 0.4993697110151278, 0.26722254744040314, 0.0001896642578633698, 0.6967522965470709, 0.6967423791061607, 0.4533856408986322, 0.6966867319253025, 0.6966492746487095, 0.007373038567386463, 0.0010037361384896703, 0.0005114313180728179, 0.9995511408333543, 0.999551145197836, 0.5774528117853975, 0.6293509971860485, 8.563639730126501e-5, 1.551500282884133, 1.5999835234269142, 8.459137996496855e-5, 144.68610060751598, 144.68607112738133, 7.241336386564548, 7.24142343346064, -87.96282552116439, 2.0805365877035947e-7, 2.599172897592362e-7]
Standard for parameter vector 97
sol.t = [736000.0]
sol.u[end] = [0.013485058658835203, 2.357174003401398e-9, 0.9999999908024338, 0.9999999908008874, 0.9997991834819557, 0.9999999908023989, 0.9999999908007924, 0.9100635221343479, 0.9999736609360116, 0.003260708235216026, 0.9967673305448063, 1.8140605729720697e-8, 8.328076102154205e-5, 0.9996773170325151, 6.881075083401e-5, 4.579614870292323e-5, 0.00012505018095864106, 0.2702410231142098, 0.00019345949269178946, 0.5013590542514806, 0.27196756076643985, 0.0001893204962711103, 0.6970837943651021, 0.6970744030665167, 0.4537765166809687, 0.6970215460285989, 0.6969858696565537, 0.007365960277722725, 0.0010030899537999524, 0.0005111019069557708, 0.9995518922958061, 0.9995518964303095, 0.5886255915730598, 0.6422080944716033, 8.975486281955222e-5, 1.6519155011138746, 1.6991941299955549, 8.880565345630197e-5, 144.63679315731818, 144.6367618081743, 7.270691754485834, 7.270778794387453, -87.97237679304571, 2.7916686174722015e-7, 3.488153259825239e-7]
Standard for parameter vector 98
sol.t = [1.079e6]
sol.u[end] = [0.013730102052414562, 2.3926679820994963e-9, 0.9999999906435628, 0.9999999906416374, 0.9997406947669566, 0.9999999906435196, 0.999999990641516, 0.9004305878529948, 0.9999651004067799, 0.003038811418529616, 0.996783913625498, 1.8328818247841754e-8, 8.415626233886936e-5, 0.9996536885482237, 6.954727661986577e-5, 5.171990430332931e-5, 0.00014114269395389004, 0.2905141476496182, 0.00019484083653902802, 0.49715964361074, 0.26484510838284203, 0.0001916072247571699, 0.6948860777403033, 0.6948745480550882, 0.4511954870120352, 0.694809723732823, 0.6947658970066171, 0.007412931731946548, 0.001007373910717331, 0.000513285780353566, 0.9995468999975943, 0.9995469050890804, 0.5755764500662389, 0.6269304401340647, 8.82151358479679e-5, 1.6200871901989835, 1.6716594829669438, 8.718035314497099e-5, 144.28375489529736, 144.28372503098677, 7.629480501421994, 7.62956926963223, -87.90916411744485, 2.617428572338922e-7, 3.270166050014425e-7]
Standard for parameter vector 99
sol.t = [1.063e6]
sol.u[end] = [0.014043300729221143, 2.4140350321580576e-9, 0.9999999905479242, 0.9999999905460647, 0.9997277464122358, 0.9999999905478826, 0.9999999905459475, 0.8980231299391955, 0.9999637502708598, 0.002730724575923632, 0.9967937011331692, 1.8440825707070513e-8, 8.466223747559377e-5, 0.999612704154802, 6.998732953975008e-5, 6.242977921696672e-5, 0.0001704710726477051, 0.29484536936089156, 0.00019566098565804073, 0.49610791301489027, 0.2643687876739122, 0.00019298080819775496, 0.6935743168442624, 0.6935632713623514, 0.4496676774436354, 0.6935012315352942, 0.6934592583559435, 0.007441018598910625, 0.001009930856196187, 0.000514589263108752, 0.9995439094481211, 0.9995439143339775, 0.57527690282317, 0.6263490359843938, 8.59925077562026e-5, 1.5864933222046513, 1.6418820234413716, 8.477595958956711e-5, 144.18767212661643, 144.18764085071132, 7.73191149958734, 7.73200660409777, -87.87155517729502, 3.0060603266339006e-7, 3.755357891874703e-7]
Standard for parameter vector 100
sol.t = [1.175e6]
sol.u[end] = [0.012370637321742105, 2.4092650682352652e-9, 0.9999999905695027, 0.999999990568012, 0.999862976241048, 0.9999999905694682, 0.9999999905679176, 0.924371603718796, 0.999981789978811, 0.003104340143665172, 0.9967914785508117, 1.841746221599271e-8, 8.458423347205925e-5, 0.9996704186982274, 6.989266944027788e-5, 4.708829504751853e-5, 0.0001282707009439027, 0.2407124719383378, 0.00019547010143095226, 0.5002522371882777, 0.2752559972940314, 0.00019267465644112142, 0.6938661737112388, 0.693857295120008, 0.4500156696667047, 0.6938076223396406, 0.6937742749029937, 0.007434766679013377, 0.0010093613436900988, 0.0005142989360520952, 0.9995445835616229, 0.9995445874833492, 0.6027065501450009, 0.659619364882471, 8.861262072351053e-5, 1.61767850414858, 1.662056267001472, 8.767131928952351e-5, 144.2190861271548, 144.21905721544877, 7.695645163784187, 7.695728238381876, -87.87991417980172, 2.47764745760177e-7, 3.0957438498983895e-7]
Running standard approach benchmark
Tracking Approach
Tracking for parameter vector 1
sol.t = [1.017e6]
sol.u[end] = [0.013970302785567231, 2.419247566023053e-9, 0.9999999905247855, 0.9999999905233292, 0.9998223598587805, 0.9999999905247523, 0.9999999905232387, 0.9149200571510671, 0.9999768963227595, 0.003367115293561739, 0.9967960238882723, 1.8468501194860566e-8, 8.479381440842514e-5, 0.99961456571225, 7.009542024586334e-5, 6.188147428729337e-5, 0.00016891812521392424, 0.2599547056783698, 0.00019585242977839982, 0.49865457491264426, 0.271730713587413, 0.0001933158113751934, 0.6932553557135375, 0.6932466981367198, 0.4493052785144401, 0.6931981376152112, 0.6931653880326166, 0.007447854304787389, 0.0010105520609174211, 0.000514905942096137, 0.9995431880400094, 0.9995431918703168, 0.5936844997153004, 0.648121333196304, 9.050688090389105e-5, 1.667509775936811, 1.716876399380565, 8.955559399860111e-5, 144.16501350724178, 144.16498308005364, 7.739008379195909, 7.739095503898103, -87.86242308095976, 2.9413200551695005e-7, 3.6751598697933017e-7]
Tracking for parameter vector 2
sol.t = [1.003e6]
sol.u[end] = [0.013509987987951463, 2.4081158121941846e-9, 0.9999999905744746, 0.9999999905726731, 0.9997579529473658, 0.9999999905744342, 0.9999999905725593, 0.90354760586742, 0.9999669998089329, 0.003054105712513176, 0.9967909918460547, 1.8408811370008898e-8, 8.450012708518231e-5, 0.9995930730714817, 6.986340072407513e-5, 6.772257014292968e-5, 0.00018509543695171654, 0.2853495496430147, 0.00019543254127981087, 0.4967288166853982, 0.26530474202165144, 0.0001926005866139556, 0.6939368077509441, 0.6939260849816626, 0.45009110743635694, 0.6938658749078408, 0.6938252049602742, 0.007433253392508723, 0.0010092241210311445, 0.0005142289824752546, 0.9995447386395157, 0.9995447433799319, 0.5776745194271077, 0.6295346913685366, 8.840101510772842e-5, 1.6286220648889842, 1.677505967137857, 8.729579262276053e-5, 144.20196973168768, 144.20193962552014, 7.710023744811564, 7.710113915402781, -87.88193880010876, 2.680622474997497e-7, 3.3492440273113503e-7]
Tracking for parameter vector 3
sol.t = [1.077e6]
sol.u[end] = [0.010448552660858871, 2.419250028031692e-9, 0.9999999905247432, 0.9999999905232367, 0.9998452355218358, 0.9999999905247086, 0.9999999905231426, 0.9199994788221626, 0.9999794855144375, 0.002207390047851191, 0.9967960315225973, 1.8467840183522373e-8, 8.477928820292414e-5, 0.9995942138846152, 7.009403415283301e-5, 6.73098391808723e-5, 0.000183857501389868, 0.2506429833906768, 0.00019585352641025806, 0.49928042410857637, 0.2736021353940019, 0.000193315927065176, 0.6932552421478627, 0.6932462494561153, 0.4493039958700657, 0.6931961986162236, 0.6931627826839403, 0.007447856664458708, 0.0010105523707676682, 0.0005149061000522645, 0.999543186669073, 0.9995431906390135, 0.5986523701156402, 0.6542941373502794, 8.139520580750989e-5, 1.4658428043228366, 1.5094946273601453, 8.02011888086468e-5, 144.18001641280088, 144.17998696654473, 7.7656967008001345, 7.7657846327357944, -87.86241996871846, 1.8136796857523458e-7, 2.2656305061042418e-7]
Tracking for parameter vector 4
sol.t = [934000.0]
sol.u[end] = [0.014405955838825753, 2.363316318595233e-9, 0.9999999907749764, 0.9999999907733801, 0.9997614446783079, 0.9999999907749402, 0.9999999907732811, 0.903907257211875, 0.9999686554095835, 0.0033973071443292335, 0.9967702218895212, 1.817162449970899e-8, 8.339717136785277e-5, 0.9996240813089385, 6.893505778071092e-5, 5.990313682717083e-5, 0.00016393816848209278, 0.2827261972373544, 0.00019369895044463894, 0.49979346274988656, 0.26842168882741535, 0.00018971671621612255, 0.6967017480251079, 0.6966920994873159, 0.45332730324280823, 0.6966377197062671, 0.696600913486413, 0.007374118185965133, 0.0010038345822408086, 0.0005114815026073634, 0.999551027329008, 0.9995510315807914, 0.5805605013102184, 0.6327957420218867, 9.071931603447421e-5, 1.6861998730186063, 1.7350308372304057, 8.976492320150208e-5, 144.56125057819835, 144.56121927502872, 7.339259679685094, 7.339347496442466, -87.96136947071132, 3.15520502561926e-7, 3.9425027711134044e-7]
Tracking for parameter vector 5
sol.t = [980000.0]
sol.u[end] = [0.012313097365560084, 2.3564091488418333e-9, 0.999999990805785, 0.9999999908041235, 0.9997887931904437, 0.9999999908057475, 0.9999999908040206, 0.9075096918804009, 0.9999727661197584, 0.002711230480264303, 0.9967669852579764, 1.8136545935154645e-8, 8.326206054393826e-5, 0.9996780904184012, 6.879483374916886e-5, 4.5598383623522854e-5, 0.00012450918217125006, 0.27465145031924953, 0.00019343218101365136, 0.5012964121573965, 0.2717658385039256, 0.00018927105458349056, 0.6971314971208658, 0.6971214036905368, 0.4538299190133017, 0.697064701913482, 0.6970265152761512, 0.007364941737826678, 0.0010029971691092223, 0.000511054607324543, 0.9995519977812771, 0.9995520022221326, 0.5880001373940074, 0.6411181767958577, 8.579106766523701e-5, 1.5673272514409309, 1.6138684906036154, 8.462031666406731e-5, 144.64863481608742, 144.64860293558613, 7.276045480114871, 7.276137591955374, -87.97375202194156, 2.5967639391606317e-7, 3.2442480361105216e-7]
Tracking for parameter vector 6
sol.t = [978000.0]
sol.u[end] = [0.013396030173750326, 2.357495031881258e-9, 0.9999999908008669, 0.9999999907990779, 0.9997904177615251, 0.9999999908008264, 0.9999999907989674, 0.9090655951729444, 0.9999716682530505, 0.0032473953018766965, 0.9967675125310399, 1.8141558262798135e-8, 8.327233414557242e-5, 0.9996543330484102, 6.881580754394888e-5, 5.190996267883848e-5, 0.00014192372038196018, 0.27367270028785606, 0.00019347708523798679, 0.5003738820390741, 0.2693969954996581, 0.00018934103514641956, 0.6970639630633879, 0.6970531167303401, 0.45374780734652953, 0.6969920373183531, 0.6969507799719388, 0.0073663833585504174, 0.0010031289750564861, 0.0005111217991507994, 0.9995518426174123, 0.999551847393453, 0.5838224367938893, 0.6368979624449806, 8.964328289210808e-5, 1.6442907828084632, 1.692093061861344, 8.871036838532472e-5, 144.58213087907413, 144.5821010328333, 7.326745364359741, 7.326830701828008, -87.97180579892749, 2.527507354257528e-7, 3.158046897280752e-7]
Tracking for parameter vector 7
sol.t = [1.027e6]
sol.u[end] = [0.011623036830811936, 2.35453652302065e-9, 0.9999999908141669, 0.9999999908125448, 0.9998155651212102, 0.9999999908141308, 0.9999999908124421, 0.9129926272810032, 0.9999753368315836, 0.002530507201124934, 0.9967660986191328, 1.8123412150630293e-8, 8.314623698832811e-5, 0.9995822162529042, 6.874922731813903e-5, 7.113219904880764e-5, 0.00019501097505341072, 0.2653217968952353, 0.00019335861663351617, 0.5019350077300708, 0.27332113297339455, 0.00018915022442193833, 0.6972481310264241, 0.6972382399568836, 0.45396763712046545, 0.6971828043406871, 0.6971455925483966, 0.0073624520048045025, 0.0010027698174568398, 0.0005109387083810632, 0.9995522620134321, 0.9995522663616503, 0.5918631067047087, 0.6460974187436402, 8.414318129554883e-5, 1.521402369995999, 1.5685802210562667, 8.310917391506199e-5, 144.7086081714829, 144.70857793989327, 7.2251696236299106, 7.22525593688901, -87.97711423330388, 2.0583593248780676e-7, 2.5713924550374886e-7]
Tracking for parameter vector 8
sol.t = [1.028e6]
sol.u[end] = [0.01254339615542309, 2.412795444893577e-9, 0.9999999905536198, 0.9999999905520189, 0.9997790719824978, 0.9999999905535836, 0.9999999905519169, 0.9069330379310198, 0.9999705383044031, 0.0028782571303472234, 0.9967931044674287, 1.843299485969539e-8, 8.460384096895622e-5, 0.999573946334074, 6.995902996866542e-5, 7.277761561871281e-5, 0.0001989677617059182, 0.27743973319183785, 0.00019560803760823781, 0.49737465401890074, 0.2674324580997312, 0.00019290137322650213, 0.6936500225766987, 0.693640475653572, 0.4497614116817684, 0.6935870233409238, 0.6935510542663845, 0.007439396910963819, 0.001009782887368395, 0.0005145138312917478, 0.9995440875256887, 0.9995440917447473, 0.5826514742834441, 0.6352936035139188, 8.707872023141117e-5, 1.5954266088276328, 1.641239926785887, 8.595293817848865e-5, 144.19065040461783, 144.1906200107727, 7.728470836532149, 7.72856051882612, -87.8737226486347, 2.4664379873914414e-7, 3.081575741168637e-7]
Tracking for parameter vector 9
sol.t = [1.038e6]
sol.u[end] = [0.012236734389721107, 2.3609541773777e-9, 0.9999999907855504, 0.9999999907840033, 0.9998377719536782, 0.9999999907855157, 0.9999999907839084, 0.9181355803397985, 0.9999790806693328, 0.002954692528602339, 0.996769107862136, 1.8157347697887548e-8, 8.330111532549145e-5, 0.999572627642161, 6.888233394184307e-5, 7.362289358003865e-5, 0.00020182087297876462, 0.25302305324107593, 0.00019360630302411985, 0.502394214546281, 0.27544517203213215, 0.00018956438351175353, 0.6968485705635848, 0.6968391660704272, 0.45350047550041694, 0.6967863826386475, 0.6967508935122771, 0.0073709827127631895, 0.0010035483787830335, 0.0005113356021736259, 0.9995513603573809, 0.9995513644960196, 0.5980618851690724, 0.653416227431972, 8.753407437579572e-5, 1.5918581816586663, 1.6373335690889508, 8.654494298225714e-5, 144.67384132152492, 144.67381182048325, 7.245894113547118, 7.24597918936254, -87.9655986635313, 2.466850388390747e-7, 3.082102903808592e-7]
Tracking for parameter vector 10
sol.t = [710000.0]
sol.u[end] = [0.01220901179143868, 2.3840445679228807e-9, 0.999999990682267, 0.9999999906805644, 0.9998065918387202, 0.999999990682228, 0.9999999906804582, 0.9125751297287056, 0.9999736567570087, 0.0028316978602286698, 0.99677989866674, 1.8281023959483457e-8, 8.389701236010628e-5, 0.999594032505248, 6.936413042705443e-5, 6.770084235071536e-5, 0.00018526024370463798, 0.2675669309230222, 0.000194503397201679, 0.49937708736225567, 0.2696700238334892, 0.0001910523656837957, 0.6954177464354829, 0.6954075101771631, 0.4518216166579287, 0.695350154558626, 0.6953116002086293, 0.007401558969540936, 0.0010063372694794391, 0.0005127573210633526, 0.9995481135405995, 0.9995481180530174, 0.586670775458852, 0.6403328314851598, 8.658181168392473e-5, 1.5784402991463693, 1.6242246998501797, 8.558721691145902e-5, 144.3847662298964, 144.38473746545753, 7.537717264606015, 7.537801452062322, -87.9244325786432, 2.2360207723096792e-7, 2.7936336915069153e-7]
Tracking for parameter vector 11
sol.t = [1.091e6]
sol.u[end] = [0.013884635689845853, 2.436400191424881e-9, 0.9999999904477832, 0.9999999904461679, 0.9998079333314864, 0.9999999904477458, 0.9999999904460662, 0.911957994427256, 0.999974514738218, 0.0031136771301623614, 0.9968038009858219, 1.8559224038189995e-8, 8.522263251237538e-5, 0.9996148844886477, 7.044990954323248e-5, 6.162618014856785e-5, 0.0001680712454525556, 0.2673240484419267, 0.00019651171543301723, 0.4970856887510918, 0.26936943447976336, 0.00019441612143432922, 0.6922102309294735, 0.6922007094596505, 0.44808756132051486, 0.6921473412002653, 0.6921113323682636, 0.007470266574356683, 0.001012589914959533, 0.0005159448047688458, 0.9995407897699708, 0.9995407939883941, 0.589620574462951, 0.6432374895396532, 8.885984846096355e-5, 1.6468642845821722, 1.6961620592089408, 8.773837958518673e-5, 143.95637721616882, 143.95634558723856, 7.9519771853809385, 7.952069337899223, -87.83254082928394, 3.12261643340413e-7, 3.9015796683749845e-7]
Tracking for parameter vector 12
sol.t = [1.061e6]
sol.u[end] = [0.011980317512965043, 2.3538499342357876e-9, 0.9999999908173546, 0.9999999908159507, 0.9998245179006032, 0.9999999908173228, 0.9999999908158632, 0.9150457564649838, 0.9999767525425202, 0.0027930436904402894, 0.996765746380384, 1.811966073921733e-8, 8.312687716875083e-5, 0.999579457115045, 6.87347723155717e-5, 7.187296537043205e-5, 0.00019706316561348173, 0.2605805843512217, 0.00019332721661535505, 0.5024834495176591, 0.2747038113335273, 0.00018910607230621665, 0.6972907746026435, 0.6972822301859883, 0.4540227260343089, 0.6972343356631626, 0.6972021877371214, 0.007361542052226454, 0.0010026863668619824, 0.0005108961670834758, 0.9995523628313039, 0.9995523665874346, 0.5944969465494123, 0.649299836945098, 8.619841267839747e-5, 1.5559825448310263, 1.6035000743436487, 8.52802370891044e-5, 144.82932583804242, 144.82929671703008, 7.097264912361892, 7.097347906046245, -87.9783432020885, 2.0988973237598026e-7, 2.6221709478994845e-7]
Tracking for parameter vector 13
sol.t = [978000.0]
sol.u[end] = [0.011840939009401552, 2.3664896547311845e-9, 0.9999999907607551, 0.9999999907590883, 0.9998142706681135, 0.9999999907607175, 0.9999999907589857, 0.913148414561994, 0.999975106867628, 0.0025495624196987423, 0.9967717184785083, 1.8188538740744053e-8, 8.347700764464748e-5, 0.9996240150921073, 6.900111458589142e-5, 5.988904452224485e-5, 0.0001638725679118909, 0.26542702107305605, 0.00019382356832048445, 0.5010779151679949, 0.2723623434105076, 0.00018992129568989074, 0.6965046892509124, 0.6964945686139228, 0.4530945680400616, 0.6964378374992574, 0.6963997180488979, 0.007378327179512616, 0.0010042187579950821, 0.000511677347297934, 0.999550579652449, 0.9995505841068401, 0.5909009230446222, 0.6450021286479914, 8.439110444585522e-5, 1.5299372033087755, 1.5774919181129006, 8.327212942982913e-5, 144.57795547812972, 144.5779248001365, 7.354066931295535, 7.354156233836941, -87.95569511410592, 2.1983042969030885e-7, 2.7462455534575193e-7]
Tracking for parameter vector 14
sol.t = [722000.0]
sol.u[end] = [0.012715653051034061, 2.4034376819668706e-9, 0.9999999905955378, 0.999999990593951, 0.999838106629023, 0.9999999905955019, 0.9999999905938526, 0.918143733995601, 0.9999785200415049, 0.002713945187725294, 0.9967888240522611, 1.8386216520971108e-8, 8.443090997646768e-5, 0.9996601865148675, 6.977118314701016e-5, 4.9876841590878375e-5, 0.00013598917947224904, 0.2543996559254349, 0.0001952483452392696, 0.4998979053106706, 0.2735016564198424, 0.0001923000733145665, 0.6942236533758249, 0.6942141456854638, 0.45043000995140625, 0.694160892556954, 0.6941250689624221, 0.007427110909796687, 0.0010086646423414346, 0.000513943770671146, 0.9995453973445784, 0.9995454015429167, 0.5971260829009502, 0.6523366299171275, 8.570927291583781e-5, 1.5576190499040545, 1.6088752968995015, 8.464139207153162e-5, 144.35413828305116, 144.35410775395292, 7.571677803285811, 7.571767066196868, -87.89016004236483, 2.523990145890314e-7, 3.153129323634012e-7]
Tracking for parameter vector 15
sol.t = [1.048e6]
sol.u[end] = [0.013662218803443663, 2.4207333900337967e-9, 0.9999999905179515, 0.9999999905161869, 0.9997749509864267, 0.9999999905179114, 0.9999999905160759, 0.9059077144828794, 0.9999699412796772, 0.002938454719113618, 0.9967967372671334, 1.8478014126674356e-8, 8.486698976347305e-5, 0.9996645138179671, 7.012958598844335e-5, 4.85436890554404e-5, 0.00013220045455899303, 0.27992216004657194, 0.00019591588393580648, 0.49679700605437477, 0.2668467376062195, 0.0001934109680030981, 0.6931647976172496, 0.6931542974710321, 0.44919311859604394, 0.6930954003611669, 0.6930556418126959, 0.007449794941172463, 0.0010107290808279911, 0.0005149961836961761, 0.9995429745948872, 0.999542979240924, 0.582454247235546, 0.6347486362480591, 8.752411235792292e-5, 1.6156104368481856, 1.666336659264594, 8.641792099983922e-5, 144.13200317141462, 144.1319732844828, 7.782391089750917, 7.7824810649971035, -87.85983230277587, 2.8993978058783177e-7, 3.6224597849209086e-7]
Tracking for parameter vector 16
sol.t = [1.036e6]
sol.u[end] = [0.013600523144542251, 2.4142402488702477e-9, 0.9999999905468367, 0.9999999905446822, 0.9998044231967471, 0.9999999905467879, 0.9999999905445458, 0.9111089228898033, 0.9999743099765223, 0.0028949280731893298, 0.9967938314441116, 1.8444203480987376e-8, 8.471735750729923e-5, 0.999682209353141, 6.999636727700322e-5, 4.3892189963614364e-5, 0.00011943930271074902, 0.2686501393193958, 0.00019567510601445015, 0.4977078543811895, 0.2688126229778037, 0.00019299377295706782, 0.6935619475684061, 0.6935491419376538, 0.44964675009199406, 0.6934771636856217, 0.6934284884327004, 0.007441283248167361, 0.0010099554205009558, 0.0005146017855455849, 0.9995438752460035, 0.9995438809121627, 0.5885066329414116, 0.6416855531048572, 8.732662114961975e-5, 1.611743060563882, 1.6622931091631699, 8.608188509564398e-5, 144.03729262470046, 144.03726084557704, 7.87791455823597, 7.878010142316923, -87.87120167254906, 3.097686539487202e-7, 3.8702058100129715e-7]
Tracking for parameter vector 17
sol.t = [1.065e6]
sol.u[end] = [0.011558805003611155, 2.371343275674231e-9, 0.9999999907392448, 0.9999999907378945, 0.9998229486322541, 0.9999999907392146, 0.9999999907378112, 0.9150538264834421, 0.999977125429418, 0.002735205806367286, 0.9967739465731431, 1.8213497765892196e-8, 8.357914915480898e-5, 0.9995962354164086, 6.910029180802436e-5, 6.72375775434375e-5, 0.0001841023663657008, 0.25954537143720097, 0.00019400484242229637, 0.5014988853794621, 0.2739932577000373, 0.00019023442043895701, 0.6962033730297341, 0.6961951919013992, 0.4527487163252126, 0.6961494324096091, 0.696118773910008, 0.0073847652082337486, 0.001004805515309087, 0.0005119764639342689, 0.9995499034524641, 0.9995499070527613, 0.5944122739896486, 0.6491004544582267, 8.577260299340544e-5, 1.5542002534747972, 1.5982424688304768, 8.4815925118811e-5, 144.6713484899127, 144.67131935382037, 7.256238955768713, 7.256321699746837, -87.94702160011835, 2.170162037599265e-7, 2.7112986763931846e-7]
Tracking for parameter vector 18
sol.t = [1.05e6]
sol.u[end] = [0.012164751394500054, 2.3537902330100834e-9, 0.9999999908175704, 0.9999999908160765, 0.9997973862751696, 0.9999999908175372, 0.9999999908159835, 0.9101865381186451, 0.9999726354740818, 0.0027438978450113017, 0.9967657303368226, 1.8121817838271447e-8, 8.317954896316373e-5, 0.9996552315659116, 6.87386990141521e-5, 5.170888341161108e-5, 0.00014139619607687906, 0.27184230156147726, 0.00019332689389788956, 0.5013510783564621, 0.2715025496276983, 0.00018910214975420724, 0.6972945566552032, 0.6972854420841528, 0.4540250409090928, 0.6972343366454938, 0.6972000049757682, 0.007361461205557489, 0.0010026791425579338, 0.0005108924842906183, 0.9995523694760685, 0.9995523734830903, 0.5869504666605891, 0.6405013305936821, 8.580313925872431e-5, 1.5560954549907584, 1.6040297780462114, 8.488482634884526e-5, 144.74168643834602, 144.74165693654643, 7.18491495447117, 7.184998187899155, -87.97845247575638, 2.1224363418682537e-7, 2.651562142295565e-7]
Tracking for parameter vector 19
sol.t = [852000.0]
sol.u[end] = [0.012748967976026447, 2.402495860612687e-9, 0.9999999905998005, 0.9999999905982895, 0.9998164245696102, 0.999999990599766, 0.999999990598195, 0.9132659625732155, 0.9999763137151662, 0.0029695249450621877, 0.9967883821730644, 1.837775903509601e-8, 8.433243979078519e-5, 0.9995545553066237, 6.97443470551474e-5, 7.804517750738667e-5, 0.00021357736649267676, 0.26324042196564496, 0.00019521044709799447, 0.4995447310288747, 0.27228323576557945, 0.00019223958699989677, 0.6942814269806645, 0.6942723939610697, 0.450499138290848, 0.6942217964613279, 0.6941877648475336, 0.00742587402102518, 0.0010085519004107365, 0.0005138862969560039, 0.9995455307116241, 0.9995455347001665, 0.5934093092322381, 0.6475283375483654, 8.768840912223073e-5, 1.606922041797094, 1.653588200224637, 8.66575596870775e-5, 144.33005773056624, 144.33002767175626, 7.586587153210596, 7.586674206791849, -87.89181631376488, 2.6936040073152936e-7, 3.365434247981667e-7]
Tracking for parameter vector 20
sol.t = [980000.0]
sol.u[end] = [0.014173478520974343, 2.3644000663427077e-9, 0.9999999907700718, 0.9999999907683562, 0.999786432994065, 0.9999999907700328, 0.9999999907682496, 0.9075483598031393, 0.9999720959213408, 0.0031592432258676843, 0.9967707449268716, 1.8178466726536018e-8, 8.344781896966489e-5, 0.9996565339529718, 6.895983537814218e-5, 5.1253010180649325e-5, 0.00014006021900231852, 0.27508904650026667, 0.0001937434696959559, 0.5004687200005237, 0.2704372155230559, 0.00018978652385039625, 0.6966344855441154, 0.6966241315137538, 0.453245804486964, 0.6965657982483414, 0.6965263395100687, 0.007375554641701688, 0.00100396585213993, 0.0005115484212228582, 0.9995508727342979, 0.9995508772968936, 0.5861394741494727, 0.6390708573251892, 8.900995601275765e-5, 1.6364535600465204, 1.6893652430401018, 8.80719071267006e-5, 144.6473710825522, 144.64734121284073, 7.262343468544985, 7.2624301295165266, -87.95943261077397, 2.948815718288855e-7, 3.684251393341475e-7]
Tracking for parameter vector 21
sol.t = [1.066e6]
sol.u[end] = [0.013491929395961527, 2.4099837739021265e-9, 0.9999999905659491, 0.9999999905638743, 0.9997819109607808, 0.9999999905659017, 0.9999999905637421, 0.9068700941674303, 0.9999709153833485, 0.0026922676374411887, 0.9967918802183853, 1.841768285395011e-8, 8.452517382582573e-5, 0.9995613620336297, 6.989984048088576e-5, 7.616033579231434e-5, 0.000208307214076531, 0.2779666665325719, 0.00019551014338320825, 0.4974138073689557, 0.26747981715460584, 0.0001927204047220542, 0.6938225102465159, 0.693810131075588, 0.4499518084250908, 0.6937406334843654, 0.6936936941556887, 0.007435701203204693, 0.001009447358489717, 0.0005143427848129354, 0.9995444720618442, 0.9995444775350343, 0.5839983732482276, 0.6364287960224085, 8.566712170283861e-5, 1.577923221926592, 1.6307348030936657, 8.44631562825478e-5, 144.04590645620604, 144.04587531894737, 7.875798638166055, 7.875892372199345, -87.87866460255037, 2.871089516667441e-7, 3.5868087507645735e-7]
Tracking for parameter vector 22
sol.t = [952000.0]
sol.u[end] = [0.011473916905366404, 2.3796507576271826e-9, 0.9999999907019884, 0.9999999907004153, 0.9998206574640865, 0.9999999907019524, 0.9999999907003168, 0.9146440082051231, 0.9999762128502139, 0.0025256508756343506, 0.9967778434535071, 1.826003472834196e-8, 8.383855709414505e-5, 0.999666487889793, 6.927786503894959e-5, 4.84444783603674e-5, 0.00013220596478706929, 0.26187028339256585, 0.0001943309002898264, 0.5005988620477677, 0.27253688296739353, 0.00019076951312313087, 0.6956891714146887, 0.6956796905830251, 0.4521419102520721, 0.6956266527194571, 0.695591085072068, 0.00739575540566203, 0.0010058080429897326, 0.0005124875320274942, 0.9995487325965149, 0.9995487367722251, 0.5924092130269565, 0.6468174732317571, 8.416867760942197e-5, 1.5266229908196105, 1.5718285409274608, 8.306807999861126e-5, 144.48640472798098, 144.48637441590665, 7.446680065934179, 7.446767682872089, -87.9322330976391, 2.1508273447641697e-7, 2.6869958048349755e-7]
Tracking for parameter vector 23
sol.t = [956000.0]
sol.u[end] = [0.013922187820624996, 2.3535182417463416e-9, 0.9999999908186264, 0.9999999908168399, 0.9997930675833983, 0.9999999908185859, 0.9999999908167293, 0.9084977046571714, 0.9999732030947679, 0.003115048301419723, 0.9967656388554793, 1.811876108971661e-8, 8.313775710563971e-5, 0.9996064677334439, 6.872961772345142e-5, 6.468833676158982e-5, 0.00017723145144478547, 0.2728067093927617, 0.00019332246015995824, 0.5013593656425722, 0.2716706139953832, 0.0001890843865322183, 0.6973116928860067, 0.6973008621169655, 0.4540387003658621, 0.6972398151594914, 0.6971985318587477, 0.007361095082589291, 0.0010026461854705118, 0.0005108756834855929, 0.9995524024567627, 0.9995524072251464, 0.5882757742205973, 0.6414639817232932, 8.87439414876602e-5, 1.6346351277172946, 1.6857925169573926, 8.774812208047144e-5, 144.61019970131426, 144.61016859008672, 7.300201655385184, 7.300290457860692, -87.97894725203246, 3.025364346749958e-7, 3.7799428922442287e-7]
Tracking for parameter vector 24
sol.t = [636000.0]
sol.u[end] = [0.011974209788027977, 2.382496031830276e-9, 0.9999999906889888, 0.9999999906869192, 0.999786790169948, 0.9999999906889425, 0.9999999906867902, 0.907536927046722, 0.9999720703701854, 0.0024996006112785927, 0.996779226961726, 1.827291553027316e-8, 8.38611676366932e-5, 0.9995981718354301, 6.933216052436783e-5, 6.661334657759667e-5, 0.00018227623214547416, 0.27578366696553935, 0.00019445134531240793, 0.4992033093189667, 0.26922560002886964, 0.00019095238982947782, 0.695513628298195, 0.6955011909038992, 0.45192554943407576, 0.6954313914728226, 0.6953843688920435, 0.007399508132680407, 0.001006150949113809, 0.0005126623386668855, 0.9995483240211014, 0.9995483295053708, 0.5858204946962923, 0.6385308664547932, 8.414841793355526e-5, 1.5370224376666692, 1.5834757373081523, 8.28432274064993e-5, 144.37716747194264, 144.37713637165393, 7.553735131766982, 7.553829531869226, -87.92718866943805, 2.4892074861901284e-7, 3.1097373052900364e-7]
Tracking for parameter vector 25
sol.t = [976000.0]
sol.u[end] = [0.014696812991177961, 2.3855220793187754e-9, 0.9999999906755255, 0.9999999906735727, 0.9998033454547959, 0.9999999906754814, 0.9999999906734508, 0.9105097228124293, 0.9999747117559942, 0.0032947714806795493, 0.9967806140547362, 1.8289098541994314e-8, 8.393900421209504e-5, 0.9996008525431076, 6.939523863557241e-5, 6.586957301358683e-5, 0.0001801983671656812, 0.2682021214498873, 0.0001945657099380837, 0.4996539973372651, 0.2707905893321885, 0.0001911473137587099, 0.6953266822506167, 0.695315001880931, 0.45170970561043106, 0.6952491688270269, 0.6952045744571289, 0.0074035061987171025, 0.0010065151331622138, 0.0005128479924282262, 0.9995479017223857, 0.9995479068805325, 0.5898856127209231, 0.6432934906412938, 9.006121742417735e-5, 1.6758371945733326, 1.7273832088042653, 8.904640234420693e-5, 144.14852630120683, 144.1484936552109, 7.753680881225233, 7.753772134405684, -87.92181681599986, 3.410443571618306e-7, 4.2613135322381125e-7]
Tracking for parameter vector 26
sol.t = [997000.0]
sol.u[end] = [0.010618677221910146, 2.3916662521388144e-9, 0.9999999906480348, 0.9999999906460896, 0.9998390672631954, 0.9999999906479903, 0.9999999906459688, 0.9183328317965815, 0.9999782795396714, 0.002262645498657406, 0.996783454049465, 1.8323800617381154e-8, 8.413778658031673e-5, 0.999662943165185, 6.952712148826923e-5, 4.92641396323241e-5, 0.00013438247854517856, 0.25464279358788194, 0.0001948025413295199, 0.5000612205386322, 0.2726673313204815, 0.00019154275265339558, 0.6949477997449078, 0.6949361211237215, 0.45126711359390886, 0.6948708781777754, 0.6948271881304224, 0.007411611071450907, 0.001007253642440402, 0.000513224469926648, 0.9995470399995867, 0.9995470451473587, 0.5955714272451447, 0.6507063570371848, 8.192614596576704e-5, 1.4745296945983224, 1.5188160031243432, 8.071960576495209e-5, 144.23308608045286, 144.23305593992805, 7.7107168036435745, 7.710806232332821, -87.9109360062064, 1.7779326702564434e-7, 2.2209947392959609e-7]
Tracking for parameter vector 27
sol.t = [998000.0]
sol.u[end] = [0.013453551859968818, 2.403978063432666e-9, 0.9999999905929069, 0.9999999905909368, 0.9997783788441551, 0.9999999905928622, 0.9999999905908117, 0.9061217828665402, 0.9999711223470922, 0.002897789105893067, 0.9967891192044522, 1.8389660395637104e-8, 8.44572826708822e-5, 0.9996779214596174, 6.978353304953024e-5, 4.514349665532304e-5, 0.00012294885330803014, 0.2782738403362634, 0.0001952771761163124, 0.4978557995768922, 0.26794898136518047, 0.0001923345339347283, 0.6941907238967714, 0.6941789596804097, 0.45038321285010746, 0.6941128464807583, 0.6940681643950799, 0.007427815514846695, 0.001008729410544496, 0.0005139767882853954, 0.9995453146364115, 0.9995453198363945, 0.5843113344386051, 0.6366747104022418, 8.735151372054383e-5, 1.6150318209723424, 1.6640069515209017, 8.610428604019283e-5, 144.14357067008953, 144.14353875237543, 7.77125197557494, 7.771347314903596, -87.88921687448168, 3.087935062098775e-7, 3.8580824133528397e-7]
Tracking for parameter vector 28
sol.t = [954000.0]
sol.u[end] = [0.013148831214185325, 2.358670172291461e-9, 0.9999999907957221, 0.9999999907941209, 0.9997942934997898, 0.9999999907956861, 0.9999999907940222, 0.9096428920610322, 0.9999723498144633, 0.003105777225631648, 0.9967680412471571, 1.8144657644846442e-8, 8.32333183973001e-5, 0.9995561673611582, 6.883364278528226e-5, 7.802632638266475e-5, 0.00021399422153014203, 0.2723565547116007, 0.00019351873647072037, 0.500821096367533, 0.2706677770715241, 0.0001894169955620294, 0.6969906959246126, 0.696980978549378, 0.4536660512189498, 0.696926351108024, 0.6968895257615598, 0.007367947880047909, 0.0010032714736692753, 0.0005111944418768707, 0.9995516807402249, 0.9995516850174492, 0.5858578661840766, 0.639250421027347, 8.860695656295714e-5, 1.625881060188063, 1.6734266847785335, 8.76804246256243e-5, 144.55571086651048, 144.55567987284581, 7.356957079636224, 7.357042800936486, -87.9696938709309, 2.537189980559429e-7, 3.170066192519304e-7]
Tracking for parameter vector 29
sol.t = [1.042e6]
sol.u[end] = [0.015082576729878908, 2.424426221823378e-9, 0.9999999905013863, 0.999999990499584, 0.9997402079321083, 0.999999990501346, 0.9999999904994706, 0.8999607053016797, 0.9999656675327577, 0.0030642664866051862, 0.9967984157285469, 1.849717800395378e-8, 8.495106679389654e-5, 0.9996530555696157, 7.020514885210573e-5, 5.156209605289964e-5, 0.0001404806365706813, 0.29038455303258315, 0.00019605790781151473, 0.4957786594681959, 0.2645761895194445, 0.00019364796277083517, 0.6929394292145331, 0.6929287853928953, 0.44893046715072077, 0.6928689377612722, 0.6928283763014146, 0.007454626274840252, 0.0010111684912760626, 0.0005152201873903418, 0.9995424580977871, 0.9995424628120692, 0.5769184157440131, 0.6282427115224208, 8.847263625848347e-5, 1.6450224553087556, 1.7013300003198195, 8.736963008899566e-5, 144.08339745202653, 144.0833668360725, 7.824294699750177, 7.824387129791312, -87.85338481449222, 3.3653232298193053e-7, 4.2045551930590906e-7]
Tracking for parameter vector 30
sol.t = [1.078e6]
sol.u[end] = [0.014609288050039795, 2.4333436935005356e-9, 0.9999999904614019, 0.9999999904596248, 0.9997417035189862, 0.9999999904613617, 0.9999999904595113, 0.9009722654764157, 0.9999645575193662, 0.0030378922520056064, 0.9968024441169069, 1.8542405210426564e-8, 8.513206847365803e-5, 0.9995946847763124, 7.038533959956746e-5, 6.704708370374363e-5, 0.00018300520439968714, 0.29017718734902087, 0.00019639846221434744, 0.49495769905467724, 0.2633669735155257, 0.0001942200254300109, 0.6923961912927067, 0.6923856907983021, 0.448299821288334, 0.6923267409574784, 0.6922868477818893, 0.007466276700109093, 0.001012227588938384, 0.0005157600970907754, 0.9995412132542464, 0.9995412179070093, 0.5746876074392114, 0.6261124075686196, 8.826061911593111e-5, 1.6334455685537737, 1.6885236512122905, 8.717241371111044e-5, 143.94728994785544, 143.94725844848534, 7.962847186574884, 7.962939821295838, -87.83785413411574, 2.916415351995368e-7, 3.6436719647395175e-7]
Tracking for parameter vector 31
sol.t = [583000.0]
sol.u[end] = [0.011815077362315575, 2.3926480010479917e-9, 0.9999999906437711, 0.9999999906420658, 0.9997305692302308, 0.9999999906437322, 0.9999999906419598, 0.8985929425649922, 0.9999631328789572, 0.0023933259615853196, 0.9967838771944951, 1.8329567454756558e-8, 8.417427711909718e-5, 0.9996794573353243, 6.95487012245457e-5, 4.485323498057667e-5, 0.00012222113695036044, 0.2946472557419104, 0.00019483542321408536, 0.49714634274804315, 0.2647154936186854, 0.0001916060945277349, 0.6948871723190935, 0.6948769231783095, 0.451201580903392, 0.6948195787157035, 0.6947810303598385, 0.007412908581898109, 0.0010073714507071313, 0.00051328452628817, 0.999546906796037, 0.9995469113156901, 0.5739053504916191, 0.6252224287910869, 8.309765925888686e-5, 1.508110861613565, 1.5568423025857603, 8.190802894514325e-5, 144.36224487238871, 144.36221426482757, 7.574104988742196, 7.574196146030639, -87.90919503312627, 1.9912625038427094e-7, 2.487449194294432e-7]
Tracking for parameter vector 32
sol.t = [1.081e6]
sol.u[end] = [0.013220399655740716, 2.416021485410546e-9, 0.9999999905388699, 0.9999999905367407, 0.9997761646579254, 0.9999999905388209, 0.9999999905366076, 0.9060482761815832, 0.9999700772698064, 0.002830537299085923, 0.996794639721199, 1.845344971869705e-8, 8.475778239855873e-5, 0.9996764534416724, 7.003284244926791e-5, 4.5408469806026455e-5, 0.00012360202588843902, 0.2795609369141101, 0.00019574288800886555, 0.4966605065331414, 0.26612584206723733, 0.00019310818216304753, 0.6934529737187564, 0.6934403123949717, 0.4495204471174044, 0.6933692496229277, 0.6933212657537596, 0.007443618314496302, 0.0010101678271942397, 0.0005147100666361263, 0.9995436265883344, 0.9995436321892595, 0.5818154932275909, 0.6339432854093622, 8.674878143715155e-5, 1.594682144935552, 1.6447669191039525, 8.557676758828972e-5, 144.05278410849678, 144.05275394892112, 7.8658876110390965, 7.865979322394553, -87.86808141212852, 2.6964800234838845e-7, 3.368859365251554e-7]
Tracking for parameter vector 33
sol.t = [869000.0]
sol.u[end] = [0.011431488387407174, 2.3753865916006862e-9, 0.9999999907208595, 0.999999990718952, 0.9998213193919002, 0.9999999907208162, 0.9999999907188337, 0.9147866309987822, 0.9999760860796271, 0.0024849979627109818, 0.9967759031517861, 1.823720268550374e-8, 8.372868460922094e-5, 0.9996626731412298, 6.918885903587316e-5, 4.9504850491272886e-5, 0.00013515924242306246, 0.2620764144884492, 0.00019417321948227755, 0.5004363619594547, 0.27173375812455186, 0.00019049456809404856, 0.6959532357998498, 0.6959416903983248, 0.4524432768896901, 0.6958770088728913, 0.6958335682218103, 0.007390110175181554, 0.0010052938974195104, 0.0005122254310757792, 0.999549324987175, 0.9995493300723183, 0.5915564888624245, 0.6457833921798992, 8.38796220452145e-5, 1.5191034975891264, 1.5647757390335413, 8.271701803653529e-5, 144.41900274509885, 144.41897281777193, 7.515522557098404, 7.515611608394144, -87.93982694283375, 2.098012691042191e-7, 2.6209770506496397e-7]
Tracking for parameter vector 34
sol.t = [1.0e6]
sol.u[end] = [0.014554720717340042, 2.412021032619777e-9, 0.9999999905569817, 0.9999999905551795, 0.9997435417889035, 0.9999999905569414, 0.999999990555066, 0.900455934755235, 0.999966159689209, 0.0032120732892062668, 0.9967927754369825, 1.843064800473608e-8, 8.462250010067968e-5, 0.9996276340415375, 6.994668892395052e-5, 5.846850291118419e-5, 0.0001595828508122265, 0.28953024173032677, 0.00019558249387686461, 0.4965140367123677, 0.2651743879380568, 0.00019285148910325566, 0.6936975545891959, 0.6936868585295309, 0.4498124556604161, 0.6936266815591998, 0.6935859130172225, 0.007438378350206078, 0.00100969051890171, 0.0005144667435330775, 0.9995441922613149, 0.9995441969941377, 0.5774300018990062, 0.6288465986978531, 8.961148794843043e-5, 1.6709673457378893, 1.721364434934036, 8.845548648235914e-5, 144.1830390279536, 144.18300844032868, 7.720385847841148, 7.720478522971382, -87.87508447981601, 3.3629568467284467e-7, 4.20196015277333e-7]
Tracking for parameter vector 35
sol.t = [976000.0]
sol.u[end] = [0.0144654925121529, 2.36786075538007e-9, 0.9999999907546931, 0.9999999907531231, 0.9997497415482709, 0.9999999907546584, 0.9999999907530239, 0.9017194199206433, 0.9999665986928445, 0.003262585357838323, 0.9967723466119839, 1.8196238960294903e-8, 8.352002454111296e-5, 0.9996358685011443, 6.903049889657792e-5, 5.6719386733655235e-5, 0.00015511640739054554, 0.28766729217607495, 0.0001938745630531897, 0.49930365683731887, 0.26762185909397507, 0.00019000977706978064, 0.6964195125916437, 0.6964100468716686, 0.4529971067861505, 0.6963567107230999, 0.6963205979517777, 0.007380146918621812, 0.001004384592965107, 0.0005117618864881331, 0.9995503889105682, 0.9995503930831949, 0.5785880682781263, 0.6305147638808416, 8.980346201452091e-5, 1.6625611900563575, 1.7140450760655697, 8.881758956913132e-5, 144.6741165483214, 144.67408624302132, 7.230676245677023, 7.2307644754475, -87.95324273053191, 3.0815850104099824e-7, 3.850309503919576e-7]
Tracking for parameter vector 36
sol.t = [781000.0]
sol.u[end] = [0.012484165118120573, 2.390080287188231e-9, 0.9999999906553928, 0.9999999906539241, 0.9998121781679772, 0.9999999906553596, 0.9999999906538332, 0.9126745750092101, 0.9999755232184918, 0.0029285679216856536, 0.9967826622871704, 1.8315703887627717e-8, 8.410488459591362e-5, 0.9996726221745394, 6.949498032097386e-5, 4.670145624365747e-5, 0.000127331203931899, 0.2649486790686661, 0.0001947314612948844, 0.5000370518963078, 0.27214901179455353, 0.00019144104611801271, 0.6950452267523798, 0.695036390857183, 0.45139142157910644, 0.6949869014466175, 0.6949536426813282, 0.007409527264064728, 0.0010070630079775619, 0.0005131272882024519, 0.9995472712106395, 0.9995472751074769, 0.5918156714105935, 0.6458480371769909, 8.733725742211597e-5, 1.5960089127807533, 1.6421163276081214, 8.634339557300198e-5, 144.40539619664352, 144.4053655118691, 7.51350026276037, 7.513586675641612, -87.91373207871248, 2.4974354911390875e-7, 3.120303610034944e-7]
Tracking for parameter vector 37
sol.t = [949000.0]
sol.u[end] = [0.015048162326531084, 2.4076854577530685e-9, 0.9999999905764254, 0.9999999905746657, 0.9997478114581427, 0.9999999905763852, 0.9999999905745558, 0.9015648373227955, 0.9999661932679356, 0.0031915922390291693, 0.9967907897730273, 1.8408723902717893e-8, 8.453694694809031e-5, 0.9996596237198705, 6.985913240816634e-5, 4.998299183500476e-5, 0.00013625181512897261, 0.28790109375738143, 0.00019541515959765616, 0.4966964120343228, 0.2651743219779905, 0.00019257296483272054, 0.6939631623684808, 0.6939526983878036, 0.45012274519839646, 0.6938937920560845, 0.6938538540346285, 0.007432688993957818, 0.0010091726782260851, 0.0005142027578858835, 0.9995447996726314, 0.9995448043015429, 0.5769912582428357, 0.6286130305577662, 8.938375308831855e-5, 1.660778186076016, 1.71563218639539, 8.830640067430407e-5, 144.21712924379565, 144.21709819817954, 7.6875779533114175, 7.687670151676856, -87.88269390607627, 3.2637171980056765e-7, 4.077761768986084e-7]
Tracking for parameter vector 38
sol.t = [940000.0]
sol.u[end] = [0.012908929034527866, 2.3746345182485666e-9, 0.9999999907243854, 0.9999999907227503, 0.9998138310019858, 0.9999999907243486, 0.9999999907226477, 0.9131046601267895, 0.9999756017616184, 0.0031940721779292517, 0.9967755169184921, 1.8230313536096227e-8, 8.364677809328913e-5, 0.999574416378411, 6.91671992343312e-5, 7.301641656694398e-5, 0.0002000080127961697, 0.2640837855423637, 0.00019413818731534678, 0.5006315269367771, 0.2720514638993034, 0.0001904463186037326, 0.6959996224167267, 0.6959897864348622, 0.4525038999275223, 0.6959345333500997, 0.6958973062334074, 0.00738911910775652, 0.001005203049191629, 0.0005121791185112136, 0.9995494359155049, 0.9995494402507533, 0.5911480598481416, 0.6452129428968355, 8.927018458712457e-5, 1.6357351501624289, 1.6813317946531987, 8.832725698772556e-5, 144.49401784979915, 144.49398810981225, 7.416924101912428, 7.417008735531229, -87.94116047027165, 2.5669618740468397e-7, 3.2073688808119746e-7]
Tracking for parameter vector 39
sol.t = [973000.0]
sol.u[end] = [0.016283692665818063, 2.4174708306153944e-9, 0.999999990532587, 0.9999999905308306, 0.9997741478946295, 0.9999999905325468, 0.9999999905307204, 0.9052239630742096, 0.9999705212856361, 0.0033908226801153464, 0.9967952525156084, 1.8457097631201e-8, 8.470710245085253e-5, 0.9995531908097679, 7.005434339581394e-5, 7.826919357252055e-5, 0.0002140331085678701, 0.27877562306799286, 0.0001957905992974926, 0.4971030648509543, 0.2673304542055035, 0.0001932015259240781, 0.6933641179168285, 0.6933537201364852, 0.44942534022407515, 0.6932950971922177, 0.693255263400908, 0.007445522953712829, 0.0010103404702640844, 0.0005147980769672611, 0.9995434309835654, 0.9995434355894135, 0.5831896409285058, 0.6356094714663234, 9.066596587263353e-5, 1.69156885163937, 1.7509369731559719, 8.971760374735667e-5, 144.12113683978828, 144.12110468958917, 7.77671470414686, 7.776806120645858, -87.86553679443425, 3.602275115708387e-7, 4.500826049737333e-7]
Tracking for parameter vector 40
sol.t = [850000.0]
sol.u[end] = [0.013590166611998853, 2.386332731079989e-9, 0.9999999906721263, 0.9999999906705985, 0.9997985004281, 0.999999990672092, 0.9999999906705036, 0.90939824417549, 0.9999742389556794, 0.003096566785279622, 0.9967809366838385, 1.8291690489892893e-8, 8.392252837996654e-5, 0.9995470431397061, 6.940848993502594e-5, 8.019820488704309e-5, 0.00021968236046186559, 0.27052758086272505, 0.00019458813021935528, 0.5000732500257925, 0.271849723383827, 0.00019119980256856835, 0.6952763859582134, 0.69526720196928, 0.45166022727895316, 0.69521560517135, 0.695180790575407, 0.007404582461141699, 0.0010066125288937958, 0.0005128976428401078, 0.9995477957555445, 0.9995477998078327, 0.5905165187658428, 0.6439382886231145, 8.868952518821982e-5, 1.636354046369686, 1.6850422829324472, 8.761225584515168e-5, 144.45070795434032, 144.4506766492422, 7.4597739991595615, 7.459864474773631, -87.92037097470396, 3.11264873835527e-7, 3.88908174599382e-7]
Tracking for parameter vector 41
sol.t = [574000.0]
sol.u[end] = [0.013870382314510257, 2.3806704805930292e-9, 0.9999999906973662, 0.999999990695674, 0.9998016638493871, 0.9999999906973285, 0.9999999906955676, 0.9106108066267768, 0.9999743460958702, 0.0032683684729122395, 0.99677833178712, 1.8264386367529695e-8, 8.384077554514216e-5, 0.9996339514990412, 6.929678258267673e-5, 5.710048985065145e-5, 0.00015606520348595212, 0.26856433981105154, 0.00019437283769743705, 0.4999833609306909, 0.27097998209807544, 0.00019083510682087196, 0.6956261991785232, 0.6956160402516678, 0.4520656544005985, 0.6955589107971103, 0.6955203364017927, 0.007397101619305497, 0.0010059309528463324, 0.0005125501889914587, 0.9995485873252659, 0.9995485918066558, 0.5891728573906502, 0.6426199717916035, 8.977253561379826e-5, 1.6549133619988996, 1.7044086361265445, 8.885945000666906e-5, 144.37655700901584, 144.37652697596621, 7.530007574580843, 7.530092921187898, -87.93042317746087, 2.9101797393558783e-7, 3.6361854515185124e-7]
Tracking for parameter vector 42
sol.t = [972000.0]
sol.u[end] = [0.012044810570324969, 2.4028234084355164e-9, 0.9999999905982637, 0.9999999905966285, 0.9998163080079044, 0.9999999905982263, 0.9999999905965264, 0.913158827366347, 0.9999760469656842, 0.0026334009895355626, 0.996788548049093, 1.8381980908285614e-8, 8.439426836815377e-5, 0.9996306675586059, 6.975638173480144e-5, 5.77521669464894e-5, 0.0001576842578104504, 0.2640314920198524, 0.00019522565927578616, 0.4993996885408042, 0.2719692384080329, 0.00019226055159028355, 0.6942613953757041, 0.69425161092039, 0.45047301255059935, 0.6941968761746654, 0.6941601195481882, 0.007426302748263728, 0.0010085911418598202, 0.0005139063015077358, 0.9995454825049803, 0.9995454868238419, 0.5929889938372691, 0.647050767405074, 8.510422427984123e-5, 1.5517924489801118, 1.5985192136480713, 8.397864982126395e-5, 144.23091408397636, 144.23088292939823, 7.696881225834424, 7.696971081218455, -87.89124225561602, 2.414307722991054e-7, 3.016224249945019e-7]
Tracking for parameter vector 43
sol.t = [1.057e6]
sol.u[end] = [0.009984207618157305, 2.3394696380262586e-9, 0.9999999908813514, 0.9999999908796333, 0.9998158795604876, 0.9999999908813125, 0.9999999908795268, 0.9130394219500237, 0.9999761229098213, 0.0020767784750447098, 0.9967589793103984, 1.8044991173114854e-8, 8.281196600789514e-5, 0.9996464839731517, 6.843917419506344e-5, 5.4182985050034614e-5, 0.00014833687155779772, 0.2636087742776786, 0.00019277390255713822, 0.5028805072001513, 0.27420143348281767, 0.00018817708215816947, 0.6981892478996281, 0.6981787324883809, 0.4550716141553328, 0.6981199459570296, 0.6980806586343249, 0.007342372619822497, 0.001000935962489645, 0.0005100038498221863, 0.9995543829794723, 0.9995543875923639, 0.5929896703870807, 0.6473003819014908, 8.004521265478889e-5, 1.430670138565348, 1.4743407011341998, 7.893683359030607e-5, 144.75167414641, 144.75164342616264, 7.201159595997, 7.201246115276415, -88.00427161823363, 1.5325657235092638e-7, 1.9143541032355544e-7]
Tracking for parameter vector 44
sol.t = [861000.0]
sol.u[end] = [0.012448142278910458, 2.3836977294841015e-9, 0.999999990683763, 0.9999999906819687, 0.9997657801939673, 0.9999999906837226, 0.999999990681855, 0.9040341384420161, 0.9999691105538605, 0.0026116275007305313, 0.9967797500490484, 1.8278672244153203e-8, 8.387753117270465e-5, 0.9995783697951391, 6.935582974375655e-5, 7.187690002572567e-5, 0.0001967746803379962, 0.28291307685863853, 0.0001944920615793648, 0.4987873347935265, 0.26810477907088276, 0.00019102996485376332, 0.6954392262973992, 0.695428417025702, 0.45184458325362564, 0.6953677380935109, 0.6953268257567076, 0.007401099498366916, 0.0010062955490597325, 0.0005127360528261777, 0.999548160427751, 0.9995481651948822, 0.5818617920855502, 0.6340779916631608, 8.508755753721614e-5, 1.5597630480445845, 1.607067404553984, 8.379659415960984e-5, 144.45192762277253, 144.45189585516735, 7.474256245546642, 7.474351502616309, -87.92504999820649, 2.655292759280223e-7, 3.3173007094186306e-7]
Tracking for parameter vector 45
sol.t = [1.084e6]
sol.u[end] = [0.012370224954137015, 2.4177733351106467e-9, 0.9999999905310738, 0.9999999905290478, 0.9998013677658356, 0.999999990531028, 0.9999999905289192, 0.9104947688501592, 0.999973998560143, 0.0026727594465601103, 0.9967954241976215, 1.846148500047891e-8, 8.477451765986612e-5, 0.9996388195218906, 7.006648566754808e-5, 5.542747768031567e-5, 0.0001511665508053915, 0.2698365652124983, 0.00019580788396015065, 0.4976031576547562, 0.26885231496001744, 0.00019322074487015066, 0.6933458052130352, 0.6933337518006758, 0.4493979867305945, 0.6932661939310296, 0.6932206714365898, 0.007445915053830086, 0.0010103765978580989, 0.0005148164941666382, 0.9995433835346881, 0.9995433888656051, 0.5882505465986991, 0.6413781036245675, 8.562258791223048e-5, 1.5689015217829214, 1.6155572376561866, 8.430498506951394e-5, 144.04178158901212, 144.04175047884837, 7.882629603308736, 7.882724947890415, -87.86501326223525, 2.6478971485787814e-7, 3.308149205704327e-7]
Tracking for parameter vector 46
sol.t = [1.054e6]
sol.u[end] = [0.013833852645663407, 2.423426138517563e-9, 0.9999999905056827, 0.9999999905035555, 0.9997415758969939, 0.9999999905056337, 0.999999990503421, 0.9000861186682855, 0.9999657072320027, 0.0028884769732457727, 0.9967980031710839, 1.8491206727178903e-8, 8.491155065995054e-5, 0.9996327657847776, 7.018297178467805e-5, 5.698506140274216e-5, 0.00015540915557646514, 0.29070212523340816, 0.00019602655528885854, 0.4954573767253715, 0.2637778906476786, 0.00019358354197134605, 0.6930006514647606, 0.6929880452892654, 0.4489944001190637, 0.6929171801093387, 0.6928691869688852, 0.007453313281472309, 0.0010110496352584229, 0.0005151595966799215, 0.9995425916936559, 0.9995425972764347, 0.5762457832157933, 0.6273519371373252, 8.736709630730191e-5, 1.6215433007610216, 1.6717253111697217, 8.603136105347269e-5, 144.08588548089827, 144.0858551183388, 7.827507390898219, 7.827603972863488, -87.85513683641966, 3.1954100915660985e-7, 3.992349678305284e-7]
Tracking for parameter vector 47
sol.t = [904000.0]
sol.u[end] = [0.011098514632281977, 2.370877546934807e-9, 0.9999999907411027, 0.9999999907393389, 0.9998253418145197, 0.9999999907410622, 0.999999990739229, 0.9151032455211503, 0.9999772222678858, 0.002411720899944266, 0.9967737812399368, 1.821236686828748e-8, 8.359722419667565e-5, 0.9996376256351858, 6.909336164875953e-5, 5.6221048591253934e-5, 0.00015371753293444158, 0.25973803547166124, 0.000193995458789389, 0.5012378358382619, 0.2734074578711477, 0.00019020410232294997, 0.6962325108768762, 0.6962218594889067, 0.4527736672673142, 0.6961622481556268, 0.6961222806869882, 0.007384142069842282, 0.0010047493598286776, 0.0005119478370345507, 0.9995499612480083, 0.9995499659360026, 0.5944116834864221, 0.6489799422903085, 8.322103686486501e-5, 1.505088680594252, 1.5497146094287952, 8.207373898789204e-5, 144.44230554666657, 144.44227462959205, 7.49523873223863, 7.4953277751169995, -87.94786103592097, 2.0459898885822125e-7, 2.5559593482815757e-7]
Tracking for parameter vector 48
sol.t = [1.083e6]
sol.u[end] = [0.013009541631991766, 2.4118326915385193e-9, 0.9999999905578058, 0.9999999905559807, 0.999821158379636, 0.999999990557764, 0.9999999905558672, 0.9145738482764588, 0.9999764296816391, 0.0029960634780808143, 0.9967926931496135, 1.842757225974672e-8, 8.457297179569986e-5, 0.9995643173730991, 6.993837656855701e-5, 7.535454130850182e-5, 0.00020607132499157166, 0.2615520237106592, 0.00019557582682269744, 0.498592068700351, 0.27083982306474413, 0.00019283936706932834, 0.6937091071337524, 0.6936982242072846, 0.449825264333528, 0.6936372055941415, 0.6935960956045208, 0.007438130817147548, 0.001009668047008013, 0.0005144552877724099, 0.9995442180375633, 0.999544222848593, 0.5923350247640977, 0.6464606806357804, 8.791059209151139e-5, 1.6126476548006516, 1.6605529910496626, 8.685917516565267e-5, 144.10679461204023, 144.1067648784526, 7.808511497291311, 7.808599249518679, -87.87541545379777, 2.680792780313329e-7, 3.34942823017877e-7]
Tracking for parameter vector 49
sol.t = [942000.0]
sol.u[end] = [0.013556725635063306, 2.3509556652590113e-9, 0.999999990830061, 0.9999999908282696, 0.9997945918152595, 0.9999999908300203, 0.9999999908281588, 0.9088910177409362, 0.9999736411746836, 0.00317006348577829, 0.9967644304720894, 1.8103530458600155e-8, 8.304007236291585e-5, 0.999558151943379, 6.867290052210923e-5, 7.757035913957595e-5, 0.00021281963641607365, 0.2716160867439811, 0.0001932229425961598, 0.5015554162789045, 0.2719113149251331, 0.00018891895400550325, 0.6974714932543474, 0.6974606128685507, 0.454226215629057, 0.6973992880653158, 0.6973578368452854, 0.007357684520620036, 0.0010023347777049201, 0.000510716934619169, 0.9995527631552021, 0.9995527679443436, 0.5887074719284406, 0.6419691636826902, 8.916334809990994e-5, 1.6438432387515605, 1.691841474418102, 8.815211921321644e-5, 144.60973910193283, 144.60970729662125, 7.2993089859962845, 7.299398135101569, -87.98355568982277, 2.991538499538037e-7, 3.737831555251248e-7]
Tracking for parameter vector 50
sol.t = [1.072e6]
sol.u[end] = [0.01240573649432928, 2.4202082909056994e-9, 0.9999999905203558, 0.9999999905186718, 0.9998217540066731, 0.999999990520317, 0.9999999905185661, 0.9150409678631448, 0.9999761519185486, 0.002867515102345363, 0.9967964881427457, 1.84742198138378e-8, 8.483174467756025e-5, 0.9996338228580343, 7.011659210254265e-5, 5.6735454191788087e-5, 0.00015474789120203047, 0.2613515339311436, 0.0001958939212703866, 0.4981643913193071, 0.27053690608202324, 0.00019337732194693455, 0.6931968127953959, 0.6931868164700832, 0.44923225053634386, 0.6931308757049313, 0.6930932613183716, 0.007449108810990233, 0.001010666537048705, 0.0005149642999887764, 0.9995430495700585, 0.9995430539902945, 0.5917096072525256, 0.6459875730438621, 8.697095856815842e-5, 1.5848868009049235, 1.631825792585421, 8.586903178333118e-5, 144.07839126025112, 144.0783606456732, 7.8425888654204226, 7.842678448585813, -87.86074823695002, 2.3712373300984386e-7, 2.96256613392167e-7]
Tracking for parameter vector 51
sol.t = [869000.0]
sol.u[end] = [0.011928149724220837, 2.3889644095280153e-9, 0.999999990660262, 0.9999999906585634, 0.999792095303608, 0.9999999906602232, 0.9999999906584573, 0.9090643994432236, 0.9999729345549313, 0.002775674809915171, 0.996782175111094, 1.8310145730610446e-8, 8.40851666262586e-5, 0.9996840814130676, 6.947255448767214e-5, 4.3659943261783104e-5, 0.00011895562750605446, 0.2720397601790133, 0.0001946931798419531, 0.4990579845896508, 0.26935674536626736, 0.00019136906784765256, 0.6951141635531654, 0.6951039705898986, 0.4514669322460599, 0.6950468725363349, 0.6950084947661916, 0.00740805222487139, 0.0010069289858308655, 0.0005130589663417245, 0.9995474234850424, 0.9995474279801745, 0.5860667432988194, 0.639108500135865, 8.621286464154266e-5, 1.5681924978833448, 1.612949425584966, 8.514181084851759e-5, 144.41604671063658, 144.41601767232757, 7.508647767607977, 7.508734051598428, -87.91571214611267, 2.2662583652683374e-7, 2.831394120031541e-7]
Tracking for parameter vector 52
sol.t = [1.09e6]
sol.u[end] = [0.011316398119896404, 2.429175779559275e-9, 0.9999999904801465, 0.9999999904784634, 0.9998131840689682, 0.9999999904801079, 0.9999999904783583, 0.913144925464065, 0.9999752618083761, 0.002475318216194247, 0.9968005512583695, 1.852338685970635e-8, 8.509324767759503e-5, 0.9996857198744717, 7.030564306260513e-5, 4.2797844250803344e-5, 0.0001163378820827515, 0.26480495103601437, 0.0001962371401161312, 0.49743631134951377, 0.2695197658053576, 0.00019395277242296394, 0.6926498509512538, 0.6926398660123448, 0.4485964285408748, 0.6925841345137667, 0.6925467602581701, 0.007460835949091776, 0.0010117328983126794, 0.000515507912281909, 0.9995417967721416, 0.9995418011878204, 0.5899716157858677, 0.6437762668962883, 8.387829232099198e-5, 1.5213029593650045, 1.5657792774740058, 8.263313640457789e-5, 144.12067881522213, 144.1206491938089, 7.813619975723497, 7.8137107132710835, -87.84510390566092, 2.1231639450486436e-7, 2.6524373472947664e-7]
Tracking for parameter vector 53
sol.t = [699000.0]
sol.u[end] = [0.014406050289625816, 2.368496359239739e-9, 0.9999999907516879, 0.9999999907498353, 0.9998150333706707, 0.999999990751646, 0.9999999907497203, 0.9125712329960473, 0.9999763191696616, 0.003000770284776237, 0.9967726806350914, 1.8201154180401145e-8, 8.35696677268331e-5, 0.9996825305153553, 6.904688109974025e-5, 4.428920427941333e-5, 0.00012081854570739555, 0.2636839202201458, 0.00019390530283379566, 0.5011204113956982, 0.27285967736033095, 0.0001900505426748835, 0.6963802581560821, 0.6963690539332965, 0.4529446343322871, 0.6963059454705278, 0.6962632629353235, 0.007380985183115529, 0.0010044615440457244, 0.0005118011145400634, 0.9995502941824803, 0.9995502991212651, 0.5931679453491889, 0.6471599611730675, 8.781571841881674e-5, 1.616307436638952, 1.672176648881038, 8.689262827170047e-5, 144.395873316308, 144.3958416027735, 7.5174980909240245, 7.517586358497746, -87.95211346547613, 3.143897625494428e-7, 3.927769890646898e-7]
Tracking for parameter vector 54
sol.t = [1.044e6]
sol.u[end] = [0.011119760017853954, 2.3427764422245524e-9, 0.9999999908665369, 0.9999999908646995, 0.9997433420519568, 0.9999999908664964, 0.9999999908645854, 0.9005184621376834, 0.9999653698211698, 0.0022767690585154495, 0.9967605648668605, 1.8062720836494737e-8, 8.28965154365093e-5, 0.9996479085486868, 6.850830543707802e-5, 5.377031469923958e-5, 0.0001471712678078096, 0.2900286992954831, 0.00019290535795082677, 0.5001101267616529, 0.2671016969506259, 0.0001883906681444737, 0.697982409133644, 0.6979712028773422, 0.4548256564635817, 0.6979083650308102, 0.6978661487496112, 0.007346783868569001, 0.001001339208998965, 0.0005102094157979796, 0.9995539146184779, 0.9995539195399615, 0.5760949639858604, 0.6278366312603568, 8.20199301850056e-5, 1.478390831084534, 1.525071029430917, 8.084935573531955e-5, 144.74510300080217, 144.74507243076562, 7.197549589042246, 7.197639344533567, -87.9982991781724, 1.7987579061951698e-7, 2.2469274314756418e-7]
Tracking for parameter vector 55
sol.t = [957000.0]
sol.u[end] = [0.010719745856487335, 2.3702090330972217e-9, 0.9999999907440255, 0.999999990742161, 0.9998230468651415, 0.9999999907439837, 0.9999999907420435, 0.9146833393843206, 0.9999762337488806, 0.0022313376668951267, 0.9967734827873203, 1.8209216379908852e-8, 8.35894808241787e-5, 0.9996502019128838, 6.908029277877203e-5, 5.287919304043007e-5, 0.00014450392666067935, 0.26207239033707025, 0.00019397183644322672, 0.5009263680967344, 0.27247727317382137, 0.0001901609323998338, 0.696274033818243, 0.6962627261304491, 0.4528198833527122, 0.6961994807811275, 0.6961571052590599, 0.007383254702649903, 0.001004668601165131, 0.0005119066679448992, 0.9995500531661935, 0.9995500581418356, 0.5924549218416169, 0.6468463103624038, 8.159079357643262e-5, 1.4673203841928244, 1.5128746235447579, 8.042645418300641e-5, 144.49545888583086, 144.49542852709556, 7.449614755849805, 7.449703470451371, -87.94905622205411, 1.759974232013668e-7, 2.1984899430074922e-7]
Tracking for parameter vector 56
sol.t = [951000.0]
sol.u[end] = [0.01352769134999109, 2.411174589185559e-9, 0.9999999905607766, 0.9999999905589882, 0.9997827646026999, 0.9999999905607364, 0.9999999905588746, 0.9075405893061796, 0.9999703479147185, 0.002969120968760964, 0.9967923880270095, 1.8427398493645258e-8, 8.462820329292705e-5, 0.9996650231355401, 6.993177363034883e-5, 4.8507163136960885e-5, 0.00013216431249624854, 0.2774823089538249, 0.00019554978071737776, 0.49732173269567514, 0.2672109756107005, 0.00019279711936664326, 0.6937493828587669, 0.6937387305488111, 0.44987301156854803, 0.6936789264522822, 0.6936385393697084, 0.007437268057440106, 0.0010095894723073935, 0.0005144152318282017, 0.9995443108271175, 0.9995443155374837, 0.5826367288844009, 0.6352909519046066, 8.776462598122083e-5, 1.6105895581461465, 1.661655497179353, 8.665326107967727e-5, 144.21505659170734, 144.2150257362312, 7.700179119481291, 7.700270620925112, -87.87656902610092, 2.6618303541669946e-7, 3.3256143514474843e-7]
Tracking for parameter vector 57
sol.t = [877000.0]
sol.u[end] = [0.015278649266149144, 2.379811427577574e-9, 0.9999999907009859, 0.9999999906988968, 0.9997119777587742, 0.9999999907009383, 0.9999999906987673, 0.8957138678741159, 0.9999620720183882, 0.0031932105919122125, 0.996777983034868, 1.8257831339328052e-8, 8.377686491023746e-5, 0.9995729155471255, 6.92746499253764e-5, 7.336731584972392e-5, 0.00020092037965789875, 0.29792691155467405, 0.00019434809310263642, 0.4972053362907572, 0.2637252112591888, 0.0001907794915904061, 0.6956795617192529, 0.6956670288130176, 0.45211920556593355, 0.6955962949544959, 0.695548249939578, 0.007395960213103942, 0.001005827552273488, 0.0005124974774660548, 0.9995487005437477, 0.9995487060772296, 0.5720923593647833, 0.6227426558680691, 8.933051575470872e-5, 1.6629072238990033, 1.7188017265712414, 8.831744019987014e-5, 144.2969726993889, 144.29694190691725, 7.607176412712256, 7.6072667950840565, -87.93195804740208, 3.327378583798812e-7, 4.157281965394837e-7]
Tracking for parameter vector 58
sol.t = [831000.0]
sol.u[end] = [0.013208943272034318, 2.364536268511065e-9, 0.9999999907693089, 0.9999999907673294, 0.9998080192120482, 0.9999999907692642, 0.9999999907672044, 0.9113236228475556, 0.9999748783499228, 0.002773477653639924, 0.9967708435220191, 1.818037787824212e-8, 8.347739021601831e-5, 0.9996927794671203, 6.896510617445118e-5, 4.160260940969505e-5, 0.00011343026186963992, 0.2677091927000772, 0.00019375449846459846, 0.5009590529817339, 0.2719756720353347, 0.00018979510734114035, 0.6966262007077599, 0.6966142003513256, 0.45322997556288336, 0.6965466783106078, 0.696501088640811, 0.007375731249844978, 0.001003982421318698, 0.0005115568678400263, 0.9995508484906392, 0.999550853776931, 0.5908523784493268, 0.644495429993778, 8.620278025346587e-5, 1.5737124675512055, 1.6262591386496112, 8.512219533196319e-5, 144.44798737192923, 144.44795553690625, 7.474424464192926, 7.474515867758661, -87.95919467758947, 2.686792241542334e-7, 3.3565605511401573e-7]
Tracking for parameter vector 59
sol.t = [1.05e6]
sol.u[end] = [0.010598527730606684, 2.377362001024986e-9, 0.9999999907122215, 0.9999999907106494, 0.9997575320643388, 0.9999999907121855, 0.9999999907105509, 0.9029092121441197, 0.9999676554997841, 0.002214465849695314, 0.9967767793535006, 1.8246986352683406e-8, 8.376207892718491e-5, 0.9996401710808863, 6.922845986643498e-5, 5.5477369740842426e-5, 0.0001516157783840696, 0.2847203313880144, 0.0001942423844029075, 0.49883984284474364, 0.26740826002878504, 0.00019062208359651246, 0.6958307460853898, 0.6958212531352662, 0.4523075564848572, 0.6957682352085924, 0.6957327330206191, 0.007392728831122434, 0.0010055321090928157, 0.0005123468665241044, 0.9995490539262146, 0.99954905810436, 0.5790355262104201, 0.6312190114022, 8.143866772501662e-5, 1.4640635361675434, 1.5083300563579758, 8.026751249905273e-5, 144.59400609733657, 144.59397683024133, 7.3519375858518785, 7.3520252283233525, -87.93630354565065, 1.682411989549306e-7, 2.101611468011073e-7]
Tracking for parameter vector 60
sol.t = [684000.0]
sol.u[end] = [0.013531553577860919, 2.3947876297705576e-9, 0.9999999906343161, 0.9999999906328124, 0.9998466506450748, 0.9999999906342818, 0.9999999906327178, 0.9198256298642016, 0.999979916703319, 0.003072167392672974, 0.9967848374484175, 1.8339519181848424e-8, 8.4196953895108e-5, 0.999636479032907, 6.959016462634777e-5, 5.6284296580219305e-5, 0.00015370422756124473, 0.2496356271804161, 0.00019491355045969089, 0.5007785418958424, 0.2749901757879087, 0.00019174389792043633, 0.694755301808758, 0.6947463115262142, 0.45105222354193836, 0.6946958488212149, 0.6946618341878283, 0.0074157306776833475, 0.0010076281721577874, 0.0005134153979113092, 0.9995466107748562, 0.9995466147438825, 0.5998677581402975, 0.6557040949808606, 8.844062091568341e-5, 1.6215996316224908, 1.6720954364068386, 8.74309276042099e-5, 144.39389701435812, 144.39386576035045, 7.519165065801949, 7.519254142134911, -87.90540965166957, 2.9469687415679713e-7, 3.6819537539807217e-7]
Tracking for parameter vector 61
sol.t = [923000.0]
sol.u[end] = [0.012986052623758243, 2.3761523165790584e-9, 0.999999990717584, 0.9999999907159333, 0.9997577512398346, 0.9999999907175465, 0.9999999907158307, 0.9030169215299118, 0.9999672621603967, 0.0026488085155594375, 0.9967762263878249, 1.8237973317529132e-8, 8.367640639418294e-5, 0.9995606988423567, 6.919784252587682e-5, 7.665580413367893e-5, 0.0002100258817571252, 0.28618515125454075, 0.0001941973362651937, 0.4989903011009821, 0.2677446551790549, 0.00019054409643106461, 0.6959056610014109, 0.6958957056628168, 0.4523934623137888, 0.6958398052182672, 0.6958020992469073, 0.007391127386893861, 0.0010053862135764994, 0.0005122724919647483, 0.9995492223619415, 0.99954922674949, 0.5796370022862088, 0.6317392663469619, 8.53004571876662e-5, 1.566266477097834, 1.6166312033013945, 8.410545710173333e-5, 144.54013788379265, 144.54010628721602, 7.384266079482924, 7.384359326330327, -87.93845805074278, 2.69000209217687e-7, 3.3605807871998644e-7]
Tracking for parameter vector 62
sol.t = [1.108e6]
sol.u[end] = [0.011702242259846927, 2.3422648954287014e-9, 0.9999999908690451, 0.9999999908676247, 0.9998182759964633, 0.9999999908690134, 0.9999999908675371, 0.9144552976390843, 0.9999759063233236, 0.0027534809644115723, 0.9967602685027769, 1.8057727783041485e-8, 8.283397242988923e-5, 0.9995783436087526, 6.849297309464906e-5, 7.228011606419849e-5, 0.00019830428707217338, 0.26223674007769154, 0.00019287662524665437, 0.5027255714039509, 0.27394478586843457, 0.0001883579228005094, 0.698014133740009, 0.6980054445450818, 0.4548723643669818, 0.6979567376690968, 0.6979240663813391, 0.007346107724187918, 0.0010012767403564918, 0.0005101775706876103, 0.9995539944840225, 0.999553998299629, 0.5919512805975362, 0.6464867789312484, 8.586828498887953e-5, 1.5542505464934115, 1.5993907100579787, 8.496327223542767e-5, 144.87709018136962, 144.8770614422172, 7.050287159961528, 7.05036846081303, -87.99921412127563, 2.088763759245061e-7, 2.6095730395107113e-7]
Tracking for parameter vector 63
sol.t = [941000.0]
sol.u[end] = [0.015267314670215937, 2.4078317919171187e-9, 0.9999999905757515, 0.9999999905739635, 0.9997624155069321, 0.9999999905757111, 0.9999999905738496, 0.9031863952201902, 0.9999690833570842, 0.0033770191255483206, 0.9967908605783408, 1.8408415226163132e-8, 8.451702625540077e-5, 0.9996268271400177, 6.985986953213971e-5, 5.8725709543022364e-5, 0.00016032486182262904, 0.2832897325281954, 0.00019542145329463288, 0.497347904262035, 0.2669274373158027, 0.00019258234616063632, 0.6939542102325061, 0.6939435648010197, 0.4501116259086437, 0.69388357537552, 0.69384286861255, 0.007432880687852513, 0.001009190175532007, 0.0005142116776882683, 0.9995447786217228, 0.9995447833324217, 0.5815068201262911, 0.6334550582854532, 9.070309509344157e-5, 1.6915265806970028, 1.7447771254363809, 8.962328155024283e-5, 144.25304154491704, 144.25301139380508, 7.645773967349662, 7.645865372633227, -87.88243744341277, 3.5429018650645065e-7, 4.4268333163108333e-7]
Tracking for parameter vector 64
sol.t = [1.017e6]
sol.u[end] = [0.01131486023074295, 2.3776433786824773e-9, 0.999999990710977, 0.999999990709438, 0.999806102229846, 0.9999999907109424, 0.9999999907093433, 0.9113226519007098, 0.999974823750859, 0.002439499243719802, 0.9967769066324214, 1.8247352118658904e-8, 8.374441096814549e-5, 0.999605732798233, 6.923193829340975e-5, 6.464673895082199e-5, 0.00017689888123050847, 0.2676351203927792, 0.00019425268515199578, 0.5005624167837593, 0.2721758768242311, 0.00019064023156033555, 0.6958133166859846, 0.6958040008620462, 0.45228779694569193, 0.6957518944526337, 0.6957169564797844, 0.007393101449815776, 0.0010055660338921784, 0.0005123641606966072, 0.9995490149588014, 0.9995490190608184, 0.590798157995644, 0.6445672332073838, 8.347333970765243e-5, 1.5099758699223733, 1.555568187588118, 8.231904431169465e-5, 144.57155291767117, 144.5715230613428, 7.364838203410979, 7.364926820987148, -87.93580230085206, 2.116380678930988e-7, 2.6438729667148223e-7]
Tracking for parameter vector 65
sol.t = [842000.0]
sol.u[end] = [0.012795283900857228, 2.370968204107779e-9, 0.9999999907407013, 0.9999999907389484, 0.999783445816982, 0.9999999907406624, 0.9999999907388383, 0.9065341683698008, 0.9999717163227267, 0.0026560052564261324, 0.9967738223568816, 1.8212024605404334e-8, 8.358146968605892e-5, 0.9996124878589508, 6.90935173574964e-5, 6.291371012831581e-5, 0.00017217824726770793, 0.277526293440446, 0.00019399883018239036, 0.5003079929958324, 0.27079414058791584, 0.0001902099548152188, 0.6962268820196528, 0.6962163009691442, 0.4527672841972333, 0.6961568524092455, 0.6961167613093713, 0.007384262361744946, 0.0010047603109292814, 0.0005119534196784804, 0.9995499487148098, 0.9995499533767078, 0.586906075132934, 0.6397715238002903, 8.539698940910253e-5, 1.5695370165935358, 1.6183268258432355, 8.416572258366112e-5, 144.46787911905164, 144.46784574547988, 7.456124390791071, 7.456219951355541, -87.9476990282817, 2.8343758608627214e-7, 3.5410338810356755e-7]
Tracking for parameter vector 66
sol.t = [832000.0]
sol.u[end] = [0.013613716117529581, 2.3738837479660402e-9, 0.9999999907275978, 0.9999999907257073, 0.9997837861131778, 0.9999999907275561, 0.9999999907255893, 0.9071433806717186, 0.9999710851687477, 0.0029190079293286647, 0.9967751994817955, 1.8229799728454026e-8, 8.37039942578389e-5, 0.9996808673423597, 6.915886396228534e-5, 4.4675266175565836e-5, 0.00012184931835118888, 0.27714583023335015, 0.0001941145643422779, 0.49959393168760796, 0.26922207250534536, 0.00019039775528546563, 0.6960462863280292, 0.6960349159853502, 0.45255280984593105, 0.6959709260004894, 0.6959276738482324, 0.007388121473891591, 0.001005112493330192, 0.000512132954993182, 0.9995495366194811, 0.999549541632952, 0.5844816022657783, 0.6372315444579677, 8.734635728305382e-5, 1.6012185747350904, 1.653632470710441, 8.626796099915493e-5, 144.4450054474841, 144.44497417570815, 7.471900705268396, 7.471991892531288, -87.94250337269325, 2.743242315063036e-7, 3.4272358422010873e-7]
Tracking for parameter vector 67
sol.t = [905000.0]
sol.u[end] = [0.014748781963602894, 2.3858106491038568e-9, 0.9999999906744717, 0.9999999906729531, 0.9997418570300536, 0.9999999906744369, 0.9999999906728583, 0.900702229821753, 0.9999651765008946, 0.003461169634318698, 0.9967806932945497, 1.8291459870791244e-8, 8.396394677515445e-5, 0.9996257195897955, 6.940305267253562e-5, 5.924164869296699e-5, 0.00016192648567094547, 0.28972885426647504, 0.000194567726725263, 0.4979691454182189, 0.266043228185005, 0.00019116620503387098, 0.6953085957414419, 0.6952994973128201, 0.4516981697031649, 0.6952482622699168, 0.6952135615273815, 0.007403893573037718, 0.0010065497247697542, 0.0005128656265429974, 0.9995478692597336, 0.9995478732766713, 0.5762169830948447, 0.6279322892724282, 9.115110693723384e-5, 1.6892323450543987, 1.7404474841696034, 9.020371637840167e-5, 144.50284329040687, 144.50281311292323, 7.396614123764, 7.396701696069436, -87.92129621040405, 2.959549497496337e-7, 3.6979678451952646e-7]
Tracking for parameter vector 68
sol.t = [633000.0]
sol.u[end] = [0.01303274234191088, 2.3632570055269403e-9, 0.9999999907750537, 0.9999999907731278, 0.9998151555755834, 0.9999999907750104, 0.9999999907730062, 0.9133377202041428, 0.9999759491942285, 0.0029529247341947167, 0.9967702368888254, 1.8171231282521446e-8, 8.339423385623381e-5, 0.9996219761061073, 6.893360137565339e-5, 6.0464229918964925e-5, 0.00016548667273721748, 0.2636898379466713, 0.0001937037169434118, 0.5011855851052833, 0.27242458280890625, 0.00018971264443776035, 0.6967056513980686, 0.6966939750280214, 0.45332435040752733, 0.69662829096764, 0.6965839763728472, 0.007374034391842124, 0.001003827495619348, 0.0005114778899980175, 0.999551029403338, 0.9995510345461185, 0.5919587339655721, 0.6459487049738871, 8.757840302308118e-5, 1.6094231142521673, 1.6572120752764399, 8.653020051946777e-5, 144.38691736500598, 144.3868855123572, 7.529097489481559, 7.529187011736708, -87.96148269559897, 2.810583119689502e-7, 3.5115801993845506e-7]
Tracking for parameter vector 69
sol.t = [1.039e6]
sol.u[end] = [0.009925366718606663, 2.360911460260774e-9, 0.9999999907856302, 0.9999999907838857, 0.9998442777646183, 0.9999999907855911, 0.9999999907837758, 0.9199338980365475, 0.9999793975270119, 0.002126910889422392, 0.9967691133376486, 1.8157267576750664e-8, 8.330338051127247e-5, 0.9995773277359471, 6.888171982124575e-5, 7.237224917465303e-5, 0.00019836977255066493, 0.25034900652381087, 0.0001936087827823889, 0.5021776312223205, 0.2748784227713776, 0.00018956147833083955, 0.6968513591901845, 0.6968407302538502, 0.45349926180717254, 0.6967813994757863, 0.6967417891318981, 0.007370922903639308, 0.001003543260298465, 0.0005113329928794631, 0.9995513625983399, 0.9995513672686993, 0.5976707219364109, 0.6534018262027858, 8.050449337086791e-5, 1.442131220338482, 1.4842963749429599, 7.942923226011696e-5, 144.5414296103965, 144.54140014234855, 7.409311666360177, 7.409395617669519, -87.96567948939942, 1.5661526581540118e-7, 1.956396533122433e-7]
Tracking for parameter vector 70
sol.t = [1.006e6]
sol.u[end] = [0.012320804491322218, 2.3601209029808667e-9, 0.9999999907893086, 0.9999999907878265, 0.9997423833943817, 0.9999999907892754, 0.9999999907877355, 0.9004175916628098, 0.9999649610000391, 0.002694335953400011, 0.99676870800282, 1.8155847529152022e-8, 8.33443667700364e-5, 0.9996625745975551, 6.887116555224075e-5, 4.968920392736742e-5, 0.00013577552522706438, 0.29068527779459763, 0.0001935725444457083, 0.4995226124279169, 0.26730211514786323, 0.00018951067670644752, 0.6969003562950137, 0.6968913472151425, 0.4535627138556957, 0.6968408216408614, 0.6968068272966979, 0.007369876977444854, 0.0010034473533150163, 0.000511284101549159, 0.9995514788124708, 0.9995514827756696, 0.5765537916600876, 0.6284437092815894, 8.550592694193491e-5, 1.556644346563682, 1.6045827151947254, 8.44811734104702e-5, 144.7097977330341, 144.70976677602616, 7.2167734615304795, 7.216861049599057, -87.96709049451063, 2.1860396217811243e-7, 2.7310099110109357e-7]
Tracking for parameter vector 71
sol.t = [949000.0]
sol.u[end] = [0.014694795937768769, 2.3730455850275446e-9, 0.9999999907315048, 0.9999999907299122, 0.9997385470798444, 0.9999999907314687, 0.9999999907298134, 0.8993102168354266, 0.9999655710322956, 0.0030640077848723825, 0.9967747712692268, 1.8222712602154036e-8, 8.362542561001481e-5, 0.9996008008135651, 6.91359708299508e-5, 6.600537258445224e-5, 0.00018068721027445582, 0.29135038378008465, 0.00019407589543104812, 0.499000431689058, 0.26740831798835374, 0.0001903439587246273, 0.6960980223087332, 0.6960884228578496, 0.4526199793567394, 0.6960343765899649, 0.695997795277706, 0.007387016192868679, 0.0010050112052997287, 0.0005120813204406948, 0.9995496598584873, 0.9995496640910478, 0.5782329200531358, 0.6298699101376046, 8.83011325805404e-5, 1.6305393574713782, 1.6865409340852375, 8.736766539181172e-5, 144.59306976763315, 144.59303924938607, 7.317456109278107, 7.3175437312559675, -87.94399100440857, 3.076478220981856e-7, 3.8435919820548467e-7]
Tracking for parameter vector 72
sol.t = [1.01e6]
sol.u[end] = [0.01277868396055873, 2.3662582034036256e-9, 0.9999999907618602, 0.9999999907603176, 0.999808346318093, 0.9999999907618254, 0.9999999907602227, 0.9118525271123793, 0.9999747312440973, 0.0030217701382912014, 0.9967715939875098, 1.8188046625657365e-8, 8.348732426182671e-5, 0.9996464905858023, 6.899787282697765e-5, 5.3907661144124674e-5, 0.00014737138292850123, 0.2667976783461306, 0.00019381193901849431, 0.501026338184408, 0.2721114300106773, 0.00018990646547102272, 0.6965189768408746, 0.696509623668778, 0.4531141535099963, 0.6964571225979702, 0.6964217892374527, 0.00737802213668391, 0.0010041907149411886, 0.0005116630515384757, 0.9995506145642948, 0.9995506186824551, 0.5900472858311746, 0.643934337506737, 8.796905897266334e-5, 1.6042626500386188, 1.652072901724161, 8.705357025318564e-5, 144.59437546934166, 144.59434606187065, 7.322521194136283, 7.32260498484964, -87.9561061685444, 2.413043809188756e-7, 3.014852715732834e-7]
Tracking for parameter vector 73
sol.t = [1.004e6]
sol.u[end] = [0.0157275253652518, 2.419252269450581e-9, 0.9999999905246539, 0.9999999905229946, 0.9997492153195935, 0.9999999905246164, 0.9999999905228885, 0.9014302455454127, 0.999967141491081, 0.0033922753678749056, 0.9967960509407389, 1.8468291966180354e-8, 8.478902441586193e-5, 0.999607573375419, 7.009498546583475e-5, 6.374655093103026e-5, 0.00017405061078783738, 0.2871328100721014, 0.00019585689644993282, 0.496536277507915, 0.26595646621717745, 0.00019331596852814563, 0.6932551943468708, 0.6932453511283478, 0.4493006634005852, 0.6931899290121154, 0.6931523239939421, 0.007447857510158215, 0.001010552678203114, 0.0005149062567773701, 0.9995431836677663, 0.9995431880270645, 0.5792420276452255, 0.6309610042727166, 9.076800941633233e-5, 1.7009584060930023, 1.7555957888294271, 8.97284923297327e-5, 144.08333442391807, 144.08330218182357, 7.813464364264917, 7.81355701113672, -87.86241893220422, 3.6600868573844213e-7, 4.573258311490475e-7]
Tracking for parameter vector 74
sol.t = [906000.0]
sol.u[end] = [0.01337332125271836, 2.3714650826354573e-9, 0.9999999907385205, 0.999999990736846, 0.9998315663382488, 0.9999999907384828, 0.9999999907367397, 0.9165904426199087, 0.9999780203850808, 0.0029723123330280647, 0.9967740448991567, 1.821705795118544e-8, 8.364611054855586e-5, 0.9996849977963996, 6.910887748176335e-5, 4.360084775861662e-5, 0.00011890116609674613, 0.25675769894688094, 0.00019401651842454164, 0.5014768548516982, 0.27416561108996307, 0.00019024203494599073, 0.6961960300763792, 0.6961858994738334, 0.4527328080951472, 0.6961289366057217, 0.696090504260774, 0.007384921704345871, 0.001004820325061644, 0.0005119840136393563, 0.9995498802851162, 0.9995498847498749, 0.5961684994480274, 0.651080177595205, 8.770287407762858e-5, 1.604771788838476, 1.6557023965309576, 8.667803127516982e-5, 144.52299191150058, 144.52296057106045, 7.393382835087079, 7.393472300720454, -87.94681107695071, 2.8564365893717604e-7, 3.568735621403602e-7]
Tracking for parameter vector 75
sol.t = [906000.0]
sol.u[end] = [0.012483581000423535, 2.400883561642665e-9, 0.9999999906068622, 0.9999999906050703, 0.9997844058063636, 0.9999999906068218, 0.9999999906049571, 0.908202835812028, 0.9999699491887849, 0.0027610896306806717, 0.9967876775898176, 1.8372600825326835e-8, 8.436566765081138e-5, 0.9996584234735375, 6.971806309185205e-5, 5.0373263300474536e-5, 0.00013737417476075183, 0.2773312295685495, 0.00019515437514639204, 0.4976145503290272, 0.26684041151237436, 0.0001921357235331109, 0.694380635477261, 0.6943699093736261, 0.45060858039594437, 0.6943098111220659, 0.6942693548233614, 0.007423749679178881, 0.0010083589454633545, 0.0005137879321688487, 0.9995457512504411, 0.9995457559862139, 0.581234630050922, 0.6339117979359968, 8.608328180752805e-5, 1.5691993984670942, 1.61749635010727, 8.502335681892577e-5, 144.3094236033335, 144.30939470513792, 7.614553495503651, 7.614640242017218, -87.8946618580334, 2.2134532748587604e-7, 2.7653210105960973e-7]
Tracking for parameter vector 76
sol.t = [1.041e6]
sol.u[end] = [0.016044145579692276, 2.4183434563671653e-9, 0.999999990528658, 0.9999999905268748, 0.9997737761805537, 0.9999999905286175, 0.999999990526761, 0.9050708504757597, 0.9999707645392697, 0.003531646651072466, 0.9967956530640496, 1.8463329884265406e-8, 8.476312678336742e-5, 0.9996031067988727, 7.007584211077328e-5, 6.49468664784348e-5, 0.00017736191795114314, 0.2788106005459087, 0.00019582467057767026, 0.4970863149083529, 0.26738811110075517, 0.00019325753216727608, 0.6933108027650617, 0.6933002293209793, 0.4493626513804698, 0.6932406390574598, 0.6932001781332618, 0.007446665527444626, 0.001010444454435924, 0.0005148510862345758, 0.9995433084325251, 0.9995433131161819, 0.583643365080267, 0.6359696395770599, 9.16067291345285e-5, 1.7155175937474505, 1.7711659199262382, 9.068058274360384e-5, 144.03432017643317, 144.03428855947254, 7.859363465288071, 7.8594530016776, -87.86401078528164, 3.610443383754204e-7, 4.511298979102816e-7]
Tracking for parameter vector 77
sol.t = [798000.0]
sol.u[end] = [0.014344981794315273, 2.3828041143615505e-9, 0.9999999906877186, 0.9999999906858371, 0.9998185230529595, 0.9999999906876765, 0.9999999906857194, 0.9135276350090829, 0.9999763608261454, 0.0031810605781077816, 0.996779345776424, 1.827549738349932e-8, 8.388927736130983e-5, 0.9996267927931192, 6.934058402064825e-5, 5.8985982203276264e-5, 0.00016124610274629526, 0.2627455438231872, 0.00019445928533178526, 0.5002256658562121, 0.27205386288430844, 0.0001909723697364153, 0.6954944711150666, 0.6954831925786298, 0.4519073951478607, 0.6954196638794474, 0.6953766714410226, 0.007399918027651947, 0.0010061879897298545, 0.0005126812212308435, 0.9995482843674408, 0.9995482893459374, 0.5927547979388211, 0.6468329977669018, 8.92488286932546e-5, 1.652823783591614, 1.7045301722804378, 8.823113402713932e-5, 144.3378036723112, 144.33777249849194, 7.568938134499905, 7.569027790159354, -87.92663767632507, 3.288549929130712e-7, 4.108875065665104e-7]
Tracking for parameter vector 78
sol.t = [1.111e6]
sol.u[end] = [0.00952251763881678, 2.363598561313663e-9, 0.9999999907738468, 0.9999999907724965, 0.9998233552858228, 0.9999999907738165, 0.9999999907724134, 0.9152569257672637, 0.9999767049084709, 0.001975854456848444, 0.9967703234578389, 1.8174462653666565e-8, 8.343330258928032e-5, 0.999664490603055, 6.894377159895321e-5, 4.9143078290101446e-5, 0.00013424408491440678, 0.2598963535752688, 0.00019370464958860017, 0.5018045067209467, 0.27389680021093366, 0.0001897350900438434, 0.6966840582266565, 0.6966758318002403, 0.4533119841107675, 0.6966300244657403, 0.6965995186495183, 0.0073744962948519704, 0.0010038686970445549, 0.0005114988936112481, 0.9995509920625719, 0.9995509956755545, 0.5933927932732963, 0.6482210248680633, 7.902803363893291e-5, 1.4083203609632515, 1.4503834602700207, 7.792025411051682e-5, 144.77973932491287, 144.77971049113066, 7.177936591055033, 7.178020427116422, -87.96085943177897, 1.390390729318282e-7, 1.736739625277217e-7]
Tracking for parameter vector 79
sol.t = [841000.0]
sol.u[end] = [0.013366314967117435, 2.3906799227306807e-9, 0.9999999906524937, 0.9999999906506325, 0.9997973073940517, 0.999999990652452, 0.9999999906505147, 0.9099601493515131, 0.9999731519236805, 0.0030483066566771265, 0.9967829882825457, 1.8318245197444615e-8, 8.410611519098217e-5, 0.9996533442117964, 6.950600076060693e-5, 5.183208311866932e-5, 0.00014146628605729572, 0.27136334458544137, 0.00019476286656214319, 0.4989764143713849, 0.2694410451589754, 0.0001914793503819594, 0.6950085178318115, 0.6949973583736998, 0.45133986954774113, 0.6949346116060349, 0.6948922237938535, 0.007410312119981659, 0.0010071351550806058, 0.0005131640673837049, 0.9995471798919419, 0.9995471848192017, 0.5868574284092068, 0.6399994477234662, 8.84048070978636e-5, 1.6276067000274714, 1.675730888823114, 8.725310408358919e-5, 144.32983792011999, 144.32980752303118, 7.58246598986287, 7.582557455732876, -87.91267899789209, 2.8882641142586167e-7, 3.608710767013676e-7]
Tracking for parameter vector 80
sol.t = [971000.0]
sol.u[end] = [0.012613949234323539, 2.3579550136207874e-9, 0.9999999907987783, 0.9999999907969289, 0.999814168377027, 0.9999999907987364, 0.9999999907968151, 0.9133517728155495, 0.9999749913167092, 0.0028671467640958045, 0.996767736785669, 1.8143780409846003e-8, 8.327886914394968e-5, 0.999647296325354, 6.882489650023717e-5, 5.377808449097857e-5, 0.0001470766961672232, 0.26513481186667665, 0.00019349621913155958, 0.5012440315900174, 0.27188850387476293, 0.00018937066938554156, 0.6970353691510672, 0.6970241455617513, 0.45371287195592175, 0.696961076695638, 0.696918595366747, 0.007366993756656141, 0.0010031847981767318, 0.000511150256574914, 0.9995517767249991, 0.9995517816643498, 0.5900409190699047, 0.644048878610751, 8.682647770406624e-5, 1.57911480556278, 1.6280374423594082, 8.586541655604246e-5, 144.54896759498334, 144.54893776765206, 7.372828614589933, 7.372914010197669, -87.97098186769357, 2.3125162945488135e-7, 2.889120050686805e-7]
Tracking for parameter vector 81
sol.t = [901000.0]
sol.u[end] = [0.012229270454256928, 2.3697038487849856e-9, 0.9999999907462921, 0.9999999907444426, 0.9998234551758555, 0.9999999907462501, 0.9999999907443287, 0.9150727110250261, 0.9999768395091565, 0.002738765493481712, 0.9967732448059314, 1.8207736671866757e-8, 8.360328759190032e-5, 0.9996870280528749, 6.907232373864487e-5, 4.3078934661738606e-5, 0.00011747220832510168, 0.26046578538674425, 0.0001939520015971813, 0.5010446305716141, 0.2727620521864018, 0.0001901283821175702, 0.6963053524133523, 0.6962941506334669, 0.4528569152139935, 0.6962312563977325, 0.6961889135024795, 0.007382585561309254, 0.0010046075332912137, 0.0005118755368130717, 0.9995501244810109, 0.9995501294151604, 0.5933049982507377, 0.6476811328597444, 8.595915479849455e-5, 1.5670895803204217, 1.6137647676602833, 8.484413502842245e-5, 144.48157691865256, 144.48154584410833, 7.443086889103798, 7.443176716695402, -87.94995750888407, 2.4956381305199213e-7, 3.117918852255598e-7]
Tracking for parameter vector 82
sol.t = [916000.0]
sol.u[end] = [0.01259992444900898, 2.4002426297977063e-9, 0.9999999906097299, 0.9999999906079303, 0.9997527223111954, 0.9999999906096895, 0.999999990607817, 0.9028455478418522, 0.99996641951086, 0.002874604359777993, 0.9967873839448278, 1.8366189846066954e-8, 8.428476241705486e-5, 0.9995662516187093, 6.969839203184486e-5, 7.494883616105385e-5, 0.00020507103943169896, 0.2861840013289798, 0.00019512984192844227, 0.496902506218866, 0.26491232070320536, 0.0001920945100391456, 0.6944200181380462, 0.6944092617714139, 0.45065439565329696, 0.6943489331007037, 0.6943082644749906, 0.007422906579760952, 0.0010082821839327342, 0.000513748800595785, 0.9995458409304261, 0.9995458456806762, 0.5761638823095622, 0.6279221766050139, 8.704165922068085e-5, 1.590618633322513, 1.6373922446243119, 8.592407504182414e-5, 144.29418438007173, 144.29415443286254, 7.625709500607373, 7.625798944255324, -87.89579133762038, 2.323273516966982e-7, 2.9026569209475065e-7]
Tracking for parameter vector 83
sol.t = [1.116e6]
sol.u[end] = [0.012341708628116174, 2.428155449659106e-9, 0.9999999904847608, 0.9999999904831417, 0.9997864207243509, 0.9999999904847235, 0.99999999048304, 0.9079058590748448, 0.9999717347067737, 0.002845867902097205, 0.9968000818679443, 1.8517276315971455e-8, 8.505219118102193e-5, 0.9996641228773199, 7.028305597295148e-5, 4.8570867426810045e-5, 0.00013222550601094056, 0.2752050707321334, 0.00019619676827808098, 0.4968495861187345, 0.26773398594996056, 0.00019388736714493103, 0.6927119677371334, 0.6927023773556253, 0.4486700356040998, 0.6926487425747401, 0.6926126778661211, 0.007459503883351565, 0.0010116116894724712, 0.0005154461221096889, 0.9995419404896938, 0.9995419447328079, 0.5848331719968706, 0.6376304047342314, 8.685769832601839e-5, 1.5882721910285496, 1.633663008576165, 8.569922750255086e-5, 144.0806658920385, 144.08063608411317, 7.839942191789929, 7.8400320434961355, -87.84687964516012, 2.41496662433279e-7, 3.017250144614839e-7]
Tracking for parameter vector 84
sol.t = [883000.0]
sol.u[end] = [0.013076461302964621, 2.35857875237e-9, 0.9999999907958305, 0.9999999907936847, 0.9997403447593796, 0.9999999907957827, 0.9999999907935513, 0.8996730811545932, 0.9999653338381234, 0.002621178778177479, 0.9967680677943414, 1.8146766215378133e-8, 8.328729616287269e-5, 0.9996370531506286, 6.883712344317614e-5, 5.649810024471722e-5, 0.00015457919811079238, 0.2917547556787968, 0.00019352670736405388, 0.4991536576514237, 0.2664860471251672, 0.00018941070019184446, 0.6969967359849485, 0.6969837429250828, 0.453660915355623, 0.6969106062602205, 0.6968611759693523, 0.007367818228534366, 0.001003260542162748, 0.0005111888692297424, 0.9995516834770922, 0.9995516891979241, 0.5768907179137993, 0.628274278409381, 8.50540191991533e-5, 1.5598028535445128, 1.6116205438831142, 8.387489861327601e-5, 144.48839577412386, 144.48836409315354, 7.4370732766034315, 7.437166514067214, -87.96986921973469, 2.630919392424996e-7, 3.2866909749269175e-7]
Tracking for parameter vector 85
sol.t = [787000.0]
sol.u[end] = [0.01433242845547069, 2.3757634746858396e-9, 0.9999999907190681, 0.9999999907169612, 0.9997956252743744, 0.9999999907190203, 0.9999999907168278, 0.9089044463698138, 0.9999736081135511, 0.002914700963691998, 0.9967761033135203, 1.8236540917495562e-8, 8.368020369410532e-5, 0.9995813755993918, 6.919104730006908e-5, 7.115237113565136e-5, 0.00019485555710341404, 0.27173458822469065, 0.00019419201811369244, 0.4999195014192418, 0.2704733064535358, 0.00019051871243016676, 0.69593002383864, 0.6959173332172425, 0.45241175484210994, 0.695845803411117, 0.6957973552767296, 0.0073906060666045666, 0.0010053394293786642, 0.0005122486423368955, 0.9995492684810263, 0.9995492740800025, 0.5884927002596521, 0.6415693433247828, 8.728200476326805e-5, 1.6053033460644384, 1.6615797251799176, 8.623367459809604e-5, 144.32405885558566, 144.3240263936587, 7.59147607860281, 7.5915685235179975, -87.93915979490878, 3.114967826192835e-7, 3.891539900799635e-7]
Tracking for parameter vector 86
sol.t = [750000.0]
sol.u[end] = [0.01234345816855709, 2.4064341533488234e-9, 0.9999999905821607, 0.9999999905806466, 0.9997660497199932, 0.9999999905821263, 0.9999999905805521, 0.9043703404559013, 0.9999688905083413, 0.002876460903590722, 0.9967901872956256, 1.8398342170755754e-8, 8.442542864386608e-5, 0.9995439075453938, 6.982526709587519e-5, 8.084788865915776e-5, 0.00022124848671618426, 0.28216493185958574, 0.0001953619387728401, 0.49755082829535985, 0.267157900142731, 0.00019249272443042014, 0.6940397423373943, 0.6940306915825037, 0.45021729760049056, 0.6939800290654156, 0.6939459558748469, 0.0074310492161442955, 0.0010090230339671932, 0.0005141264720214351, 0.9995449792447338, 0.9995449832418433, 0.580927787346416, 0.6332147371236482, 8.700563898603128e-5, 1.5861120006398002, 1.6319567506423207, 8.593894330050976e-5, 144.39079561579197, 144.3907670011404, 7.530113103901103, 7.53019952437021, -87.88488800827335, 2.2904527254462573e-7, 2.861653528878659e-7]
Tracking for parameter vector 87
sol.t = [1.085e6]
sol.u[end] = [0.014209092167922823, 2.42420676642186e-9, 0.9999999905022098, 0.9999999905001332, 0.9997622662517425, 0.9999999905021624, 0.9999999905000007, 0.9041701530166564, 0.9999681287194999, 0.0031982342346249626, 0.9967983507940708, 1.8496093160152062e-8, 8.494743344034431e-5, 0.9996555582591122, 7.020072199360104e-5, 5.089677834360337e-5, 0.00013865132620119496, 0.2834622896584945, 0.0001960553922381742, 0.4957302500130172, 0.2645343248439965, 0.00019363367640341548, 0.6929529928392544, 0.6929406909640017, 0.44894009988296074, 0.6928714930114978, 0.6928246115336413, 0.007454335114938109, 0.0010111424721549727, 0.0005152069232987594, 0.9995424835704154, 0.9995424890199766, 0.5785174955272988, 0.630213133911481, 8.955614572716309e-5, 1.6625115267669506, 1.7121211802282787, 8.835604701116907e-5, 144.0329724993009, 144.03294241937164, 7.872193852395862, 7.872287151812805, -87.85377343980352, 3.126130117978221e-7, 3.906045629265349e-7]
Tracking for parameter vector 88
sol.t = [925000.0]
sol.u[end] = [0.014221772642307975, 2.379699933417094e-9, 0.9999999907016337, 0.9999999906998104, 0.9997512699184192, 0.9999999907015933, 0.9999999906996965, 0.9018518694674128, 0.9999673759117647, 0.0032915160437000965, 0.9967778974102461, 1.8261195803744577e-8, 8.385962243780148e-5, 0.9996939599315142, 6.928073250620615e-5, 4.1126663270169e-5, 0.00011202780468994517, 0.28657083131870953, 0.00019433809745584053, 0.49838641159984876, 0.2666014000510088, 0.00019077250464253706, 0.6956862851396575, 0.6956753499875196, 0.4521330400451206, 0.6956137427041186, 0.6955720239526298, 0.00739581680695162, 0.0010058140389528057, 0.0005124905886482653, 0.9995487211604817, 0.9995487259862692, 0.5786106259131633, 0.6302683143897958, 9.004775876749617e-5, 1.6641918535717883, 1.71441395926709, 8.902371165617246e-5, 144.48525006159048, 144.48522094341254, 7.419374448710352, 7.419462391414493, -87.93215069565248, 3.008991151421233e-7, 3.759661261256677e-7]
Tracking for parameter vector 89
sol.t = [1.06e6]
sol.u[end] = [0.009882968850751876, 2.3564939126363477e-9, 0.9999999908053835, 0.9999999908036762, 0.99981131544692, 0.9999999908053444, 0.9999999908035702, 0.9128072475356398, 0.9999752077079074, 0.002065040548637627, 0.9967670309578228, 1.813545900427087e-8, 8.32304742562509e-5, 0.9996312542344568, 6.879337054913634e-5, 5.806238778291278e-5, 0.0001589144127607844, 0.26482937489197944, 0.00019343633805017163, 0.5014839850941422, 0.27228775283025647, 0.0001892764879420351, 0.6971262507059373, 0.6971158642926625, 0.45382274847222354, 0.6970578732944502, 0.6970191394595453, 0.0073650536757041115, 0.0010030074709906623, 0.0005110598590009727, 0.9995519849637314, 0.9995519895258285, 0.5901766249202816, 0.6442440371680802, 7.995430225151947e-5, 1.4292866485377573, 1.472120932032515, 7.882064543666635e-5, 144.61849873167574, 144.61846894365743, 7.3347595937636525, 7.334845660304759, -87.97360091659448, 1.493112730593461e-7, 1.8650923698687044e-7]
Tracking for parameter vector 90
sol.t = [987000.0]
sol.u[end] = [0.010988280524816495, 2.3682193502953458e-9, 0.9999999907530919, 0.999999990751536, 0.999809728252517, 0.9999999907530572, 0.9999999907514373, 0.9124095996333353, 0.9999749930856914, 0.002395318358142031, 0.9967725134332037, 1.8196524445813648e-8, 8.349360309738544e-5, 0.9995862354019766, 6.903454841891421e-5, 6.993063515415524e-5, 0.00019156063000135972, 0.2659936978042438, 0.00019388820667955633, 0.5010717311242283, 0.2724842903534831, 0.0001900328968895922, 0.696397258974575, 0.6963878139763966, 0.45297119338881947, 0.6963349964011434, 0.696299617723203, 0.0073806223427148165, 0.0010044279614782304, 0.0005117839948489671, 0.9995503385871289, 0.9995503427421165, 0.5907795886736196, 0.644825018612047, 8.304034260629269e-5, 1.499253648639532, 1.5435778300689846, 8.192772756842581e-5, 144.54957043509003, 144.54953937456716, 7.389187075394655, 7.389275231413659, -87.95260213909172, 1.9439889599417264e-7, 2.428513332032503e-7]
Tracking for parameter vector 91
sol.t = [697000.0]
sol.u[end] = [0.013849339802713108, 2.391305349904515e-9, 0.9999999906498988, 0.9999999906483924, 0.9998259394212128, 0.9999999906498641, 0.9999999906482976, 0.9153103583066584, 0.9999773502071432, 0.00326417787616806, 0.9967832318807278, 1.8321667450483243e-8, 8.412371695233877e-5, 0.999656086988957, 6.951925649576499e-5, 5.109470415705615e-5, 0.000139430026957907, 0.25905223830459906, 0.00019477939865786867, 0.500370737922679, 0.2733134633310743, 0.00019151985716940264, 0.6949697491277829, 0.6949607391004069, 0.4513025685317342, 0.6949101143635952, 0.6948759530684796, 0.007411142024679176, 0.0010072101720438788, 0.0005132023095663019, 0.9995470988799451, 0.9995471028575447, 0.5950559751323089, 0.6497464527717882, 8.981347403741466e-5, 1.6573955403631986, 1.7063508711016595, 8.883006450781194e-5, 144.36236351465243, 144.36233140282673, 7.543807299220584, 7.5438964718882655, -87.91156508360521, 3.059132678109271e-7, 3.822329555868093e-7]
Tracking for parameter vector 92
sol.t = [1.059e6]
sol.u[end] = [0.011735035538611646, 2.343269203987912e-9, 0.9999999908643589, 0.9999999908625669, 0.9997493955576883, 0.9999999908643183, 0.9999999908624564, 0.9016144783890485, 0.999966207804939, 0.002461209046308836, 0.996760793144511, 1.8066727120940285e-8, 8.29390527767253e-5, 0.999689717255321, 6.852146496889859e-5, 4.264364057322945e-5, 0.00011643353518983722, 0.28835177630143144, 0.0001929236787813108, 0.5002737988831003, 0.267559010102629, 0.0001884225347785836, 0.6979515659880883, 0.6979406223009839, 0.45479034597222673, 0.6978791964065512, 0.6978378761775773, 0.00734744181533932, 0.0010013992462572282, 0.0005102400214451473, 0.9995538459646998, 0.9995538507723966, 0.5772936325463536, 0.629141705671191, 8.359288611576802e-5, 1.5154436659469395, 1.5629337872294657, 8.250844069053616e-5, 144.79112177428667, 144.79109194447435, 7.143886365799011, 7.1439736479733, -87.99740864123197, 2.0476544842190706e-7, 2.557973164936553e-7]
Tracking for parameter vector 93
sol.t = [947000.0]
sol.u[end] = [0.012952649408221497, 2.3897698052860564e-9, 0.9999999906564248, 0.9999999906543109, 0.9997920509975318, 0.999999990656377, 0.9999999906541781, 0.9086094117510338, 0.9999730372877441, 0.002797844281132953, 0.9967825996408337, 1.8313980509758028e-8, 8.409592963491762e-5, 0.999670869685099, 6.948826534469436e-5, 4.7171815089882924e-5, 0.00012862900605490457, 0.2732582694160647, 0.0001947330818719163, 0.49896272695775684, 0.26943467893162604, 0.00019142059833156247, 0.6950647745239854, 0.6950521023325036, 0.4513999787151593, 0.6949808600966179, 0.6949327429846885, 0.0074091082575985364, 0.0010070258881879769, 0.0005131083652611522, 0.9995473028170563, 0.9995473084115245, 0.5872860450186406, 0.6401132369640136, 8.657777185965274e-5, 1.5894167262100487, 1.6381113041304474, 8.531810405559269e-5, 144.2171926193614, 144.2171606939061, 7.702742306604296, 7.702837793571332, -87.91429488781158, 2.848760054662319e-7, 3.5591360650429797e-7]
Tracking for parameter vector 94
sol.t = [1.005e6]
sol.u[end] = [0.011278326851923818, 2.3852652260928538e-9, 0.9999999906769097, 0.999999990675396, 0.9998118730951925, 0.9999999906768753, 0.9999999906753014, 0.9130596027035158, 0.9999751735593627, 0.0024495001117408283, 0.99678044061314, 1.8289560566354994e-8, 8.39721024871687e-5, 0.9996561026356882, 6.939382827485782e-5, 5.1152783839350964e-5, 0.00013963337513103193, 0.2650898932794945, 0.00019454655582582547, 0.50007758904427, 0.2716958546809499, 0.00019113108926830942, 0.6953422638426531, 0.6953331477290884, 0.4517375466012097, 0.6952821845855508, 0.695248021183409, 0.007403173493554156, 0.0010064841079906264, 0.0005128321764122053, 0.9995479457473458, 0.9995479497637728, 0.590528827828862, 0.6445501615222755, 8.357899833183069e-5, 1.513818839481393, 1.5585342066200178, 8.240725987865673e-5, 144.5257738323812, 144.52574426999186, 7.409992516620091, 7.410081084171435, -87.9222634436238, 2.1241328338682e-7, 2.653604851820324e-7]
Tracking for parameter vector 95
sol.t = [990000.0]
sol.u[end] = [0.011018168491452266, 2.3592978213965056e-9, 0.9999999907928692, 0.9999999907911675, 0.999791817910493, 0.9999999907928313, 0.9999999907910613, 0.9089172806485266, 0.9999723801780042, 0.0023098842549134913, 0.996768348820498, 1.8150811333229006e-8, 8.330964976556358e-5, 0.9996431055596332, 6.885262563605486e-5, 5.487975520055306e-5, 0.00015010727419297978, 0.27326848316274693, 0.00019354512057008508, 0.5008011851917363, 0.2707300345823424, 0.00018945741678796097, 0.6969517038714459, 0.6969413847157915, 0.4536181053248889, 0.6968836026783699, 0.696844842162889, 0.0073687802960105, 0.0010033476199497401, 0.0005112332596160663, 0.9995515905752193, 0.9995515951125409, 0.5861121794724771, 0.6393957215072762, 8.235489286127609e-5, 1.4886236973919038, 1.5334700708129976, 8.115516054094189e-5, 144.59308965197656, 144.59305804151202, 7.347800764989919, 7.347891801971799, -87.9685705176264, 1.9522887027087813e-7, 2.438821442188138e-7]
Tracking for parameter vector 96
sol.t = [1.034e6]
sol.u[end] = [0.012215999872868885, 2.3625034924300367e-9, 0.999999990778588, 0.999999990776948, 0.9997491763272869, 0.9999999907785508, 0.9999999907768454, 0.9015070292524275, 0.9999660819452325, 0.0027077877771269038, 0.9967698459835983, 1.8167777883320142e-8, 8.338741745288733e-5, 0.99963898381618, 6.891914320644758e-5, 5.59442958072044e-5, 0.00015302017459605077, 0.28841544909804473, 0.00019366823582433858, 0.4993697110468426, 0.26722254724347577, 0.00018966425769197491, 0.6967522967122501, 0.6967423792713544, 0.4533856410924261, 0.6966867320905984, 0.6966492748140868, 0.007373038563858837, 0.001003736138167748, 0.0005114313179087086, 0.9995511408337276, 0.9995511451982098, 0.577452810970185, 0.6293509962168196, 8.563639695910308e-5, 1.5515002736655532, 1.5999835141849639, 8.459137963392163e-5, 144.68610070439743, 144.68607122426423, 7.241336292045281, 7.24142333893949, -87.96282552592226, 2.0805365413948174e-7, 2.5991728396992e-7]
Tracking for parameter vector 97
sol.t = [966000.0]
sol.u[end] = [0.013485137622026829, 2.3571750702757006e-9, 0.9999999908024292, 0.9999999908008828, 0.999799185895017, 0.9999999908023942, 0.9999999908007877, 0.9100640279309405, 0.9999736612144093, 0.003260731734284561, 0.9967673310471503, 1.8140611419895843e-8, 8.328078780777628e-5, 0.9996773169158802, 6.881077350908075e-5, 4.5796168571829354e-5, 0.00012505022881077293, 0.2702400705192417, 0.0001934595341880746, 0.5013590432455639, 0.2719676603413051, 0.0001893205651133711, 0.6970837279400647, 0.6970743366314224, 0.45377643867376444, 0.6970214795295986, 0.6969858031071547, 0.007365961695842606, 0.0010030900832551223, 0.0005111019729492237, 0.9995518921456242, 0.9995518962801313, 0.5886259753891903, 0.6422085733564851, 8.975503417279025e-5, 1.651920042544539, 1.699198752931367, 8.880582109490653e-5, 144.63674433646494, 144.6367129865316, 7.27073965968574, 7.2708267005474685, -87.97237487854633, 2.7916900017613113e-7, 3.4881799987438567e-7]
Tracking for parameter vector 98
sol.t = [920000.0]
sol.u[end] = [0.013730102152811653, 2.392667983539431e-9, 0.9999999906435628, 0.9999999906416372, 0.9997406947716407, 0.9999999906435195, 0.999999990641516, 0.9004305886935393, 0.999965100407345, 0.0030388114456002618, 0.9967839136261634, 1.83288182555034e-8, 8.415626237718697e-5, 0.9996536885491412, 6.95472765772606e-5, 5.1719904333108666e-5, 0.00014114269402552168, 0.2905141461218204, 0.00019484083659468667, 0.49715964361714615, 0.26484510856252313, 0.00019160722484980823, 0.6948860776516234, 0.6948745479663693, 0.4511954869083253, 0.6948097236438782, 0.69476589691751, 0.0074129317338440465, 0.0010073739108901972, 0.0005132857804416898, 0.9995468999973928, 0.9995469050888788, 0.5755764506691334, 0.626930440858055, 8.82151360543565e-5, 1.6200871951630282, 1.6716594882613134, 8.718035334813141e-5, 144.2837548254011, 144.28372496108935, 7.62948057078642, 7.629569338997939, -87.90916411489931, 2.6174285974563835e-7, 3.2701660814126186e-7]
Tracking for parameter vector 99
sol.t = [961000.0]
sol.u[end] = [0.014043300744376394, 2.414035032722876e-9, 0.9999999905479243, 0.9999999905460648, 0.9997277464135979, 0.9999999905478826, 0.9999999905459475, 0.8980231301556094, 0.9999637502710415, 0.0027307245815668345, 0.9967937011334261, 1.844082571008246e-8, 8.466223747371927e-5, 0.9996127041549816, 6.998733007093755e-5, 6.242977923070212e-5, 0.0001704710726807626, 0.29484536895783797, 0.000195660985679693, 0.4961079130118329, 0.2643687877259306, 0.00019298080823403313, 0.6935743168096989, 0.6935632713277957, 0.44966767740341673, 0.6935012315007711, 0.6934592583214474, 0.007441018599651183, 0.0010099308562635633, 0.0005145892631430995, 0.999543909448042, 0.9995439143338982, 0.5752769030081945, 0.6263490361983484, 8.599250780455571e-5, 1.5864933236273049, 1.6418820247863664, 8.477595963537457e-5, 144.18767210854193, 144.18764083263665, 7.731911517876563, 7.732006622387339, -87.87155517630526, 3.0060603360459676e-7, 3.7553579036457353e-7]
Tracking for parameter vector 100
sol.t = [1.047e6]
sol.u[end] = [0.012370637376568475, 2.4092650692359544e-9, 0.9999999905695027, 0.9999999905680119, 0.99986297624185, 0.9999999905694682, 0.9999999905679176, 0.9243716039390986, 0.9999817899788782, 0.003104340158246785, 0.9967914785512701, 1.8417462221303246e-8, 8.458423349814515e-5, 0.9996704186986813, 6.989266942655323e-5, 4.708829506633786e-5, 0.0001282707009891332, 0.2407124714975847, 0.00019547010146952673, 0.5002522371420014, 0.2752559972939279, 0.00019267465650541234, 0.6938661736499216, 0.6938572950586527, 0.45001566959512296, 0.6938076222780706, 0.6937742748412767, 0.007434766680326735, 0.0010093613438096408, 0.0005142989361130356, 0.999544583561484, 0.9995445874832091, 0.6027065502707264, 0.6596193650703658, 8.861262083099974e-5, 1.617678506384564, 1.6620562695116736, 8.767131939722485e-5, 144.21908609534051, 144.21905718363377, 7.69564519556236, 7.6957282701606236, -87.8799141780449, 2.477647468573671e-7, 3.0957438636094537e-7]
Running tracking approach benchmark
Continuation Approach
Continuation for parameter vector 1
lc = [0.013970303447175881, 2.419247875463973e-9, 0.9999999905247845, 0.9999999905233277, 0.9998223598763945, 0.9999999905247504, 0.9999999905232367, 0.9149200621478455, 0.9999768963247635, 0.00336711549472139, 0.9967960240289551, 1.8468502831912157e-8, 8.479382203936141e-5, 0.9996145656704573, 7.009542922833613e-5, 6.188148175892366e-5, 0.00016891814315707373, 0.259954695942679, 0.00019585244164431494, 0.4986545574129795, 0.27173070894394635, 0.00019331583124082943, 0.6932553368086722, 0.6932466792303642, 0.4493052565134041, 0.6931981187011995, 0.6931653691133717, 0.0074478547099769594, 0.0010105520977735857, 0.000514905960884751, 0.9995431879967531, 0.999543191827057, 0.5936844993071831, 0.648121332227819, 9.05068822502592e-5, 1.6675097912214771, 1.7168764224836082, 8.955559539807337e-5, 144.16501023402367, 144.16497980682678, 7.739008775202928, 7.7390958999143304, -87.86242253991315, 2.941320484940761e-7, 3.67516040665606e-7]
Continuation Approach
Continuation for parameter vector 2
lc = [0.01350998830067413, 2.4081158554405043e-9, 0.9999999905744746, 0.9999999905726724, 0.9997579529682243, 0.999999990574434, 0.9999999905725595, 0.9035476075934243, 0.9999669998116325, 0.0030541057758732685, 0.9967909918658319, 1.8408811599092162e-8, 8.450012815383168e-5, 0.9995930730645858, 6.986340194689633e-5, 6.772257128244953e-5, 0.0001850954396886301, 0.28534954604277096, 0.00019543254294152138, 0.4967288146820121, 0.26530472980679953, 0.0001926005893928469, 0.6939368050999266, 0.6939260823306401, 0.45009110434712435, 0.6938658722568652, 0.6938252023093039, 0.00743325344928815, 0.0010092241261990347, 0.0005142289851097488, 0.9995447386334654, 0.99954474337388, 0.5776745222429164, 0.6295346945478798, 8.840101560503382e-5, 1.628622081929995, 1.6775059838288453, 8.729579309702834e-5, 144.20196915907871, 144.20193905290836, 7.7100239406373445, 7.710114111232287, -87.8819387241438, 2.680622600086818e-7, 3.3492441836969015e-7]
Continuation Approach
Continuation for parameter vector 3
lc = [0.010448552915274852, 2.419251400684783e-9, 0.9999999905247369, 0.9999999905232307, 0.9998452355325843, 0.9999999905247023, 0.9999999905231365, 0.9199994824184068, 0.9999794855154511, 0.0022073900769035235, 0.9967960321465487, 1.846784744471192e-8, 8.477932240237717e-5, 0.9995942136991909, 7.009406247000041e-5, 6.730987505865693e-5, 0.0001838575875388271, 0.25064297812012604, 0.0001958535790343294, 0.499280345289695, 0.2736020828162137, 0.00019331601518778098, 0.69325515828724, 0.6932461655923601, 0.4493038982880872, 0.6931961147379744, 0.6931626987957792, 0.007447858461851431, 0.001010552534258097, 0.0005149061833967683, 0.999543186477181, 0.9995431904471233, 0.5986523573024009, 0.6542941181390435, 8.13952060852889e-5, 1.4658428112926005, 1.5094946357799148, 8.020118908331145e-5, 144.1800030249127, 144.17997357864903, 7.765696724690089, 7.765784656634025, -87.86241756867376, 1.8136807063079182e-7, 2.2656317809598408e-7]
Continuation Approach
Continuation for parameter vector 4
lc = [0.014405955125380423, 2.3633173169947376e-9, 0.9999999907749725, 0.9999999907733756, 0.9997614446684545, 0.9999999907749362, 0.9999999907732765, 0.9039072561952423, 0.999968655408455, 0.0033973068368496353, 0.9967702223578169, 1.81716298196128e-8, 8.339719642044209e-5, 0.9996240811821463, 6.893507841032992e-5, 5.9903160722178065e-5, 0.00016393822601559226, 0.28272620016131467, 0.0001936989891950542, 0.499793404021443, 0.2684216506676442, 0.00018971678060776607, 0.6967016859800417, 0.6966920374400498, 0.45332723047244383, 0.6966376576490644, 0.6966008514223828, 0.007374119511089653, 0.0010038347031616204, 0.0005114815642502286, 0.9995510271885826, 0.9995510314403687, 0.5805604891146143, 0.6327957240758815, 9.071931384054162e-5, 1.6861998180019944, 1.7350307823388231, 8.97649210719578e-5, 144.5612408961455, 144.5612095929775, 7.339259209647554, 7.339347026400889, -87.9613676837217, 3.1552060595401287e-7, 3.942504062751496e-7]
Continuation Approach
Continuation for parameter vector 5
lc = [0.012313097732829075, 2.356409166470129e-9, 0.999999990805785, 0.9999999908041239, 0.9997887932008398, 0.9999999908057473, 0.9999999908040199, 0.9075096936155443, 0.9999727661207166, 0.002711230592734283, 0.996766985266286, 1.813654602918313e-8, 8.326206098473284e-5, 0.9996780904162849, 6.879483418450743e-5, 4.559838395072247e-5, 0.0001245091829593457, 0.2746514470937895, 0.0001934321816997375, 0.5012964112969646, 0.271765831970471, 0.00018927105572105746, 0.6971314960230519, 0.6971214025924597, 0.4538299177235834, 0.6970647008138898, 0.6970265141755043, 0.007364941761262951, 0.0010029971712487526, 0.0005110546084152303, 0.9995519977787959, 0.9995520022196476, 0.5880001386274377, 0.6411181783813973, 8.579106860186395e-5, 1.5673272725251663, 1.6138685129811943, 8.462031758087821e-5, 144.648634477394, 144.64860259688996, 7.276045687535639, 7.276137799380887, -87.97375199029769, 2.5967640757414984e-7, 3.244248206811777e-7]
Continuation Approach
Continuation for parameter vector 6
lc = [0.013396029957622053, 2.357495287251625e-9, 0.9999999908008659, 0.9999999907990772, 0.9997904177577672, 0.9999999908008254, 0.9999999907989662, 0.909065594139408, 0.9999716682525669, 0.0032473952130522557, 0.9967675126512199, 1.81415596246769e-8, 8.327234058723207e-5, 0.9996543330205275, 6.88158119270251e-5, 5.190996802891271e-5, 0.0001419237332672797, 0.27367270232377017, 0.00019347709516316048, 0.5003738669257046, 0.2693969814938965, 0.00018934105162446551, 0.6970639471650776, 0.6970531008312969, 0.4537477886839533, 0.6969920214159067, 0.6969507640671673, 0.007366383697973372, 0.0010031290060401933, 0.0005111218149456246, 0.9995518425814718, 0.9995518473575122, 0.5838224333876563, 0.6368979575452495, 8.964328223161467e-5, 1.6442907646181721, 1.6920930442929645, 8.871036774951332e-5, 144.5821284447455, 144.58209859850604, 7.326745191439254, 7.326830528905624, -87.97180534072345, 2.5275075407870494e-7, 3.158047130249393e-7]
Continuation Approach
Continuation for parameter vector 7
lc = [0.011623035956455445, 2.3545366872178516e-9, 0.9999999908141662, 0.9999999908125438, 0.9998155651003984, 0.99999999081413, 0.9999999908124413, 0.9129926205689691, 0.9999753368293958, 0.002530506943391125, 0.9967660986965294, 1.812341302644605e-8, 8.314624110753283e-5, 0.9995822162297842, 6.874923084015979e-5, 7.113220369226113e-5, 0.0001950109862373031, 0.2653218090325378, 0.00019335862301803115, 0.5019349976484434, 0.2733211104695452, 0.00018915023501960294, 0.6972481207948206, 0.6972382297251624, 0.4539676251060399, 0.697182794108822, 0.6971455823164918, 0.0073624522232048455, 0.0010027698373965218, 0.0005109387185458799, 0.9995522619903163, 0.9995522663385344, 0.5918631016711245, 0.6460974118707354, 8.414317903200008e-5, 1.5214023159546728, 1.5685801653870048, 8.310917170581688e-5, 144.70860702972433, 144.7085767981443, 7.225168963961349, 7.22525527720822, -87.97711393831797, 2.058359178285928e-7, 2.5713922717179055e-7]
Continuation Approach
Continuation for parameter vector 8
lc = [0.012543396856138063, 2.4127954767728718e-9, 0.9999999905536192, 0.9999999905520182, 0.9997790720041161, 0.9999999905535837, 0.9999999905519165, 0.9069330418045204, 0.9999705383067201, 0.002878257356012402, 0.9967931044819773, 1.8432995028462883e-8, 8.460384174166208e-5, 0.9995739463284724, 6.995903133812942e-5, 7.277761651499079e-5, 0.0001989677638575781, 0.27743972636337594, 0.0001956080388330266, 0.4973746526040832, 0.26743245253000747, 0.00019290137527414503, 0.693650020625298, 0.6936404737018389, 0.4497614094080983, 0.6935870213874367, 0.6935510523116633, 0.007439396952771167, 0.0010097828911726666, 0.0005145138332310963, 0.9995440875212295, 0.9995440917402877, 0.5826514770456567, 0.6352936068973749, 8.707872204967702e-5, 1.5954266542270255, 1.6412399731364835, 8.595293994050642e-5, 144.1906498072261, 144.1906194133739, 7.728471261452315, 7.72856094375509, -87.87372259274662, 2.4664382368339353e-7, 3.0815760530043864e-7]
Continuation Approach
Continuation for parameter vector 9
lc = [0.012236734358505114, 2.360954197429191e-9, 0.9999999907855505, 0.9999999907840033, 0.9998377719522596, 0.9999999907855155, 0.9999999907839083, 0.9181355803490892, 0.9999790806691817, 0.0029546925158310234, 0.9967691078715533, 1.8157347804739606e-8, 8.330111582996435e-5, 0.9995726276389006, 6.888233430843638e-5, 7.36228941643395e-5, 0.00020182087438554285, 0.2530230533800775, 0.00019360630380268202, 0.5023942133281389, 0.27544517458144097, 0.0001895643848052283, 0.6968485693165866, 0.6968391648234116, 0.4535004740374625, 0.696786381391583, 0.6967508922651763, 0.007370982739391912, 0.0010035483812132991, 0.0005113356034125239, 0.9995513603545608, 0.9995513644931974, 0.5980618846574172, 0.6534162266897618, 8.75340742771628e-5, 1.5918581797641176, 1.6373335670139653, 8.654494288446101e-5, 144.67384113701405, 144.67381163597273, 7.245894091046168, 7.24597916686125, -87.96559862760603, 2.4668503992933675e-7, 3.0821029174274766e-7]
Continuation Approach
Continuation for parameter vector 10
lc = [0.012209010914042577, 2.384044569339508e-9, 0.9999999906822706, 0.9999999906805768, 0.9998065918237558, 0.9999999906822261, 0.9999999906804572, 0.9125751223184805, 0.9999736567556307, 0.00283169754853557, 0.9967798986674229, 1.8281023967553544e-8, 8.389701131057463e-5, 0.9995940324708237, 6.936416594837968e-5, 6.77008423863027e-5, 0.0001852602437947652, 0.2675669435161845, 0.0001945033972552831, 0.4993770870687179, 0.26966999169409117, 0.00019105236577505083, 0.6954177463479774, 0.695407510089909, 0.45182161655670744, 0.6953501544733107, 0.695311600124555, 0.007401558971412519, 0.0010063372696499477, 0.0005127573211502588, 0.999548113540422, 0.9995481180528197, 0.5866707735628998, 0.6403328290867095, 8.658180915502332e-5, 1.5784402383728082, 1.6242246379755285, 8.558721444886792e-5, 144.38476669995813, 144.3847379355258, 7.537716619991858, 7.537800807436066, -87.92443257612854, 2.2360204896961885e-7, 2.793633338181798e-7]
Continuation Approach
Continuation for parameter vector 11
lc = [0.013884635212342799, 2.4364002718694106e-9, 0.9999999904477829, 0.9999999904461675, 0.9998079333155167, 0.9999999904477455, 0.9999999904460657, 0.9119579919916126, 0.9999745147362538, 0.0031136770289454277, 0.9968038010220429, 1.85592244628344e-8, 8.52226345144028e-5, 0.9996148844782877, 7.044991115310479e-5, 6.162618206999224e-5, 0.00016807125006295672, 0.2673240536664624, 0.0001965117185056148, 0.4970856837882655, 0.26936943621688214, 0.00019441612659159242, 0.6922102260401595, 0.6922007045701533, 0.44808755564484987, 0.6921473363099698, 0.6921113274774494, 0.0074702666792640275, 0.001012589924492633, 0.00051594480962866, 0.9995407897587447, 0.9995407939771692, 0.5896205707276345, 0.643237484649345, 8.885984768954764e-5, 1.6468642612954065, 1.6961620356105895, 8.77383788385192e-5, 143.9563766428177, 143.95634501389173, 7.951976872897625, 7.952069025410738, -87.83254068961901, 3.122616413685548e-7, 3.901579643616517e-7]
Continuation Approach
Continuation for parameter vector 12
lc = [0.011980317168586682, 2.353849949427818e-9, 0.9999999908173551, 0.9999999908159464, 0.9998245178813808, 0.9999999908173185, 0.999999990815859, 0.9150457541034469, 0.9999767525400224, 0.002793043542384373, 0.9967657463875613, 1.811966082027467e-8, 8.31268775338766e-5, 0.9995794571128134, 6.873477317283424e-5, 7.187296580687448e-5, 0.00019706316666550676, 0.26058058970216325, 0.0001933272172050652, 0.502483448074825, 0.2747038342476949, 0.00018910607328679365, 0.6972907736557608, 0.6972822292394285, 0.4540227249234627, 0.6972343347182852, 0.697202186793475, 0.0073615420724377, 0.0010026863687072442, 0.0005108961680241445, 0.9995523628291388, 0.9995523665852994, 0.5944969423129685, 0.6492998310062397, 8.619841149384925e-5, 1.5559825235893125, 1.6035000506963528, 8.528023590828424e-5, 144.82932589340624, 144.829296772392, 7.097264616710908, 7.097347610389443, -87.97834317478646, 2.0988972361573542e-7, 2.6221708384332986e-7]
Continuation Approach
Continuation for parameter vector 13
lc = [0.011840938815180125, 2.3664898158003728e-9, 0.9999999907607543, 0.9999999907590869, 0.9998142706666395, 0.9999999907607168, 0.9999999907589853, 0.9131484132161132, 0.99997510686752, 0.002549562356807441, 0.9967717185539197, 1.8188539598613947e-8, 8.347701172250461e-5, 0.9996240150726188, 6.900111667075347e-5, 5.9889048371194164e-5, 0.00016387257717760074, 0.26542702339939683, 0.00019382357456747693, 0.501077905698398, 0.2723623285515255, 0.00018992130607528736, 0.6965046792510934, 0.6964945586137863, 0.45309455631713436, 0.696437827497739, 0.6963997080464437, 0.0073783273931259255, 0.0010042187774842093, 0.0005116773572330818, 0.9995505796298024, 0.9995505840841925, 0.5909009211607728, 0.6450021258308892, 8.439110389459449e-5, 1.5299371903272572, 1.577491904841966, 8.327212889366196e-5, 144.57795398061822, 144.5779233026269, 7.354066774048589, 7.354156076587753, -87.9556948262019, 2.1983043690266366e-7, 2.746245643506842e-7]
Continuation Approach
Continuation for parameter vector 14
lc = [0.012715653252006067, 2.4034377553977934e-9, 0.9999999905955316, 0.9999999905939438, 0.9998381066369108, 0.9999999905955057, 0.9999999905938469, 0.9181437357610607, 0.9999785200420663, 0.002713944951203487, 0.9967888240858837, 1.838621691024379e-8, 8.443091184585782e-5, 0.9996601865065703, 6.977118351240478e-5, 4.987684303938333e-5, 0.00013598918295131923, 0.25439965227450323, 0.00019524834805448042, 0.4998979014968893, 0.27350165419722683, 0.00019230007803519813, 0.6942236488677913, 0.6942141411800425, 0.4504300047043498, 0.6941608880661375, 0.6941250644815454, 0.007427111006321599, 0.0010086646511284234, 0.0005139437751505728, 0.999545397334306, 0.9995454015326268, 0.5971260838638114, 0.6523366308962918, 8.570927114205793e-5, 1.5576190772535625, 1.6088753047885616, 8.464139015091656e-5, 144.35413741481062, 144.35410688570943, 7.571677978180342, 7.57176724109167, -87.8901599131192, 2.52399037464482e-7, 3.153129610232637e-7]
Continuation Approach
Continuation for parameter vector 15
lc = [0.013662220543621062, 2.420733444436138e-9, 0.9999999905179485, 0.9999999905161815, 0.999774951092434, 0.9999999905179106, 0.9999999905160846, 0.9059077263053551, 0.9999699412932822, 0.00293845492462511, 0.9967967372918314, 1.8478014414529642e-8, 8.486699099232844e-5, 0.9996645138077018, 7.01295912263497e-5, 4.854369009451354e-5, 0.00013220045705334, 0.2799221353895537, 0.00019591588601413008, 0.49679700555711975, 0.26684668930121197, 0.00019341097149546378, 0.6931647942948849, 0.693154294150497, 0.4491931147379683, 0.6930953970506456, 0.6930556385087312, 0.007449795012388417, 0.0010107290873046647, 0.0005149961869978707, 0.9995429745873048, 0.9995429792333398, 0.5824542645880438, 0.6347486565496968, 8.752411413285398e-5, 1.6156105384770778, 1.6663367497662585, 8.641792258544091e-5, 144.1320017265853, 144.13197183964095, 7.78239238026458, 7.782482355531814, -87.8598322077065, 2.899398406929251e-7, 3.6224605368176134e-7]
Continuation Approach
Continuation for parameter vector 16
lc = [0.01360052293430063, 2.4142402536577085e-9, 0.9999999905468366, 0.9999999905446819, 0.9998044231929873, 0.9999999905467877, 0.9999999905445455, 0.9111089212697853, 0.9999743099761005, 0.0028949280306063605, 0.9967938314462936, 1.844420350636637e-8, 8.471735756952306e-5, 0.9996822093509653, 6.999636923155584e-5, 4.389219004707933e-5, 0.00011943930291139705, 0.26865014224880046, 0.00019567510619797863, 0.4977078540407251, 0.2688126159061767, 0.00019299377326454989, 0.693561947275471, 0.6935491416447694, 0.4496467497511218, 0.693477163393043, 0.6934284881403526, 0.007441283254443912, 0.0010099554210720124, 0.0005146017858366986, 0.9995438752453354, 0.999543880911494, 0.588506632340625, 0.6416855523288737, 8.73266208125061e-5, 1.6117430518145177, 1.6622930998100462, 8.608188476468006e-5, 144.03729270289165, 144.03726092377033, 7.8779144151702996, 7.878009999248604, -87.87120166416072, 3.09768649433732e-7, 3.870205753569271e-7]
Continuation Approach
Continuation for parameter vector 17
lc = [0.01155880534127281, 2.3713433252015922e-9, 0.9999999907392446, 0.9999999907378946, 0.9998229486392839, 0.9999999907392143, 0.9999999907378113, 0.9150538280133829, 0.9999771254300228, 0.002735205915040187, 0.9967739465962753, 1.821349802947056e-8, 8.357915046177427e-5, 0.9995962354119575, 6.91002906729345e-5, 6.723757886188157e-5, 0.00018410236953846903, 0.2595453686921412, 0.00019400484434161768, 0.5014988825967404, 0.27399325343959613, 0.00019023442363107391, 0.6962033699594706, 0.6961951888308884, 0.4527487127277818, 0.6961494293377739, 0.6961187708372559, 0.007384765273839883, 0.0010048055212930557, 0.0005119764669847725, 0.9995499034455043, 0.9995499070458019, 0.5944122745117207, 0.6491004550992058, 8.577260389271497e-5, 1.554200274454164, 1.5982424905786565, 8.481592599915689e-5, 144.671347870211, 144.67131873411537, 7.256239144889871, 7.256321888872187, -87.94702151177218, 2.1701621834317816e-7, 2.711298858654267e-7]
Continuation Approach
Continuation for parameter vector 18
lc = [0.012164749624148858, 2.3537902287757826e-9, 0.9999999908175694, 0.9999999908160778, 0.9997973862159096, 0.9999999908175479, 0.9999999908159825, 0.9101865292120133, 0.9999726354684806, 0.002743897278933887, 0.9967657303347912, 1.8121817815580152e-8, 8.317954904556925e-5, 0.999655231571726, 6.873869269097113e-5, 5.170888331948658e-5, 0.00014139619585303674, 0.27184231967407163, 0.00019332689372734851, 0.5013510775828594, 0.27150259340782873, 0.0001891021494810602, 0.6972945569189423, 0.6972854423495709, 0.4540250412250568, 0.6972343369203263, 0.6972000052571751, 0.007361461199927951, 0.001002679142043537, 0.0005108924840283962, 0.9995523694766818, 0.9995523734837323, 0.5869504584720623, 0.6405013195414861, 8.580313469291493e-5, 1.5560953727971172, 1.6040296831246152, 8.488482177652737e-5, 144.74168727885208, 144.7416577770704, 7.184913846197375, 7.18499707960332, -87.97845248336034, 2.1224359451127453e-7, 2.651561646632601e-7]
Continuation Approach
Continuation for parameter vector 19
lc = [0.012748967975248044, 2.4024958671454505e-9, 0.9999999905998005, 0.9999999905982894, 0.9998164245697508, 0.9999999905997661, 0.999999990598195, 0.9132659623249363, 0.9999763137151397, 0.002969524946203504, 0.9967883821760674, 1.8377759069728176e-8, 8.433243993253581e-5, 0.9995545553046642, 6.97443478818191e-5, 7.804517770568467e-5, 0.00021357736696935302, 0.2632404223507677, 0.00019521044734959383, 0.49954473064501514, 0.2722832322453365, 0.00019223958741986126, 0.6942814265795272, 0.6942723935598544, 0.4504991378227343, 0.6942217960596706, 0.694187764445582, 0.007425874029613655, 0.0010085519011927026, 0.0005138862973546351, 0.9995455307107088, 0.9995455346992491, 0.5934093091412841, 0.6475283374668007, 8.768840912485706e-5, 1.6069220402305278, 1.6535881992006187, 8.665755969559888e-5, 144.330057674365, 144.33002761555534, 7.586587141957045, 7.5866741955381825, -87.89181630226307, 2.693604006253563e-7, 3.3654342466300477e-7]
Continuation Approach
Continuation for parameter vector 20
lc = [0.014173478429978046, 2.364400293284719e-9, 0.9999999907700707, 0.9999999907683549, 0.999786432993247, 0.9999999907700315, 0.9999999907682484, 0.9075483595643107, 0.999972095921217, 0.0031592431723841637, 0.9967707450332504, 1.8178467935762228e-8, 8.344782458256322e-5, 0.9996565339238296, 6.895984278849287e-5, 5.125301486470087e-5, 0.00014006023028010302, 0.27508904706319004, 0.0001937434785022656, 0.5004687066591466, 0.2704372044749421, 0.0001897865384856663, 0.6966344714456095, 0.6966241174147016, 0.4532457879538148, 0.6965657841467989, 0.69652632540681, 0.007375554942830336, 0.001003965879616929, 0.000511548435230051, 0.9995508727023839, 0.9995508772649782, 0.5861394715342979, 0.6390708534776717, 8.90099556093578e-5, 1.6364535504910809, 1.6893652336490332, 8.807190673627256e-5, 144.64736886791007, 144.64733899819853, 7.262343382207352, 7.26243004317838, -87.95943220476704, 2.9488159413843993e-7, 3.684251672018777e-7]
Continuation Approach
Continuation for parameter vector 21
lc = [0.013491930683012365, 2.409983855171906e-9, 0.9999999905659444, 0.999999990563881, 0.999781911005861, 0.9999999905659015, 0.9999999905637434, 0.9068701027755799, 0.9999709153887485, 0.0026922680773228823, 0.9967918802555435, 1.841768328383512e-8, 8.452517676073582e-5, 0.9995613620492623, 6.989981266555031e-5, 7.616033819655267e-5, 0.00020830721984886285, 0.2779666495655625, 0.00019551014651850577, 0.4974138031370874, 0.2674798109149161, 0.0001927204099429321, 0.6938225052678623, 0.6938101260930457, 0.4499518026106678, 0.693740628480015, 0.6936936891365347, 0.007435701309847534, 0.0010094473681961803, 0.0005143427897611082, 0.9995444720504443, 0.9995444775236552, 0.5839983781857894, 0.6364288021516264, 8.566712518987627e-5, 1.5779232442151605, 1.63073485047107, 8.446315988041125e-5, 144.0459050372093, 144.04587389993716, 7.875799458425331, 7.8758931924767275, -87.87866445991776, 2.871089748732132e-7, 3.586809039911302e-7]
Continuation Approach
Continuation for parameter vector 22
lc = [0.011473917093179336, 2.379651036494369e-9, 0.9999999907019873, 0.999999990700414, 0.9998206574732321, 0.9999999907019512, 0.9999999907003153, 0.9146440093664597, 0.9999762128512315, 0.0025256509126158817, 0.996777843583107, 1.826003621131783e-8, 8.383856409628172e-5, 0.999666487859625, 6.927787028249609e-5, 4.8444483784286156e-5, 0.00013220597783554833, 0.2618702813957429, 0.00019433091107444933, 0.5005988459684367, 0.2725368630782695, 0.0001907695310842681, 0.695689154171223, 0.6956796733388682, 0.45214189007459843, 0.6956266354720484, 0.6955910678224188, 0.007395755774317871, 0.0010058080765986822, 0.0005124875491606577, 0.999548732557362, 0.9995487367330722, 0.5924092116815042, 0.6468174708991844, 8.41686779354016e-5, 1.5266229996254654, 1.571828550179827, 8.306808031604454e-5, 144.48640188988097, 144.48637157780396, 7.446680150392154, 7.446767767333352, -87.93223260193392, 2.1508276322917285e-7, 2.686996164064937e-7]
Continuation Approach
Continuation for parameter vector 23
lc = [0.013922186075289951, 2.353518423296829e-9, 0.9999999908186264, 0.999999990816828, 0.9997930675442792, 0.999999990818585, 0.9999999908167262, 0.9084976910024135, 0.9999732030904644, 0.003115047770208558, 0.9967656389410419, 1.8118762058240078e-8, 8.313776174378842e-5, 0.999606467711388, 6.872961890671922e-5, 6.46883414503919e-5, 0.00017723146273774065, 0.27280673455282267, 0.00019332246721803965, 0.5013593543343665, 0.27167056108618426, 0.0001890843982509938, 0.6973116815694441, 0.6973008508010743, 0.4540386870786218, 0.6972398038480873, 0.6971985205503894, 0.007361095324133077, 0.001002646207524329, 0.0005108756947281441, 0.9995524024312227, 0.9995524071996221, 0.5882757668058629, 0.641463971864586, 8.874393757032299e-5, 1.6346350479313159, 1.6857924275721485, 8.774811816621732e-5, 144.61019884389268, 144.61016773268324, 7.300200484135121, 7.30028928658859, -87.9789469257274, 3.0253641530928325e-7, 3.779942650120308e-7]
Continuation Approach
Continuation for parameter vector 24
lc = [0.011974207649306456, 2.3824962308078642e-9, 0.9999999906889877, 0.9999999906869168, 0.9997867900714547, 0.9999999906889424, 0.9999999906867878, 0.9075369162699229, 0.9999720703576612, 0.0024996000994187547, 0.9967792270539982, 1.827291658828726e-8, 8.386117164205247e-5, 0.9995981717774928, 6.933219653262014e-5, 6.661335181175652e-5, 0.00018227624474269143, 0.27578368744326265, 0.00019445135300536433, 0.4992032953768116, 0.26922563605185046, 0.0001909524026419706, 0.6955136160053954, 0.6955011786098697, 0.45192553505306005, 0.6954313791727653, 0.6953843565881141, 0.007399508395539646, 0.001006150973074002, 0.0005126623508813237, 0.9995483239931783, 0.9995483294774128, 0.5858204755772572, 0.6385308428874276, 8.41484132538461e-5, 1.5370222936467877, 1.5834755974594878, 8.284322297646835e-5, 144.37716668754155, 144.3771355872772, 7.5537337544939485, 7.553828154569234, -87.92718831616631, 2.489206824857814e-7, 3.1097364782034747e-7]
Continuation Approach
Continuation for parameter vector 25
lc = [0.014696812742033768, 2.3855226525159214e-9, 0.9999999906755228, 0.9999999906735699, 0.999803345457324, 0.9999999906754788, 0.9999999906734482, 0.9105097238205683, 0.999974711756327, 0.0032947714039091663, 0.9967806143202435, 1.828910158730071e-8, 8.393901851253628e-5, 0.9996008524648111, 6.939525178951763e-5, 6.586958789126252e-5, 0.00018019840294773292, 0.26820212002301913, 0.0001945657320783922, 0.49965396398322315, 0.27079056784423394, 0.0001911473506589419, 0.6953266468711361, 0.6953149664996807, 0.4517096642449253, 0.6952491334374907, 0.6952045390619014, 0.007403506955391088, 0.0010065152021220653, 0.0005128480275825891, 0.9995479016419596, 0.9995479068001071, 0.589885606967918, 0.6432934819632857, 9.006121684117371e-5, 1.6758371739924836, 1.7273831899531613, 8.904640180001718e-5, 144.1485206640204, 144.1484880180231, 7.753680762807213, 7.753772015988622, -87.9218157996117, 3.4104442546720744e-7, 4.261314385540113e-7]
Continuation Approach
Continuation for parameter vector 26
lc = [0.010618676714655566, 2.391667370022538e-9, 0.9999999906480299, 0.9999999906460846, 0.9998390672590227, 0.9999999906479854, 0.9999999906459637, 0.918332830252745, 0.9999782795392579, 0.0022626453161639377, 0.9967834545654802, 1.832380655287868e-8, 8.413781454947974e-5, 0.9996629430393259, 6.95271443907288e-5, 4.926416161769899e-5, 0.00013438253140675926, 0.2546427969707215, 0.00019480258444874563, 0.5000611554162215, 0.2726672780104975, 0.00019154282458209814, 0.6949477308748869, 0.6949360522506991, 0.4512670331432185, 0.694870809291257, 0.6948271192347014, 0.007411612544971448, 0.001007253776682867, 0.0005132245383608401, 0.9995470398428391, 0.9995470449906145, 0.5955714145104565, 0.6507063382643979, 8.192614419718594e-5, 1.4745296517558657, 1.5188159606389637, 8.071960406772988e-5, 144.23307537568954, 144.23304523516612, 7.710716282976557, 7.710805711661956, -87.91093402907576, 1.7779332386782048e-7, 2.220995449204778e-7]
Continuation Approach
Continuation for parameter vector 27
lc = [0.013453553021964122, 2.4039780893810536e-9, 0.999999990592906, 0.9999999905909421, 0.99977837887326, 0.9999999905928636, 0.9999999905908108, 0.9061217937926757, 0.9999711223508335, 0.002897789355343755, 0.9967891192163125, 1.8389660532901056e-8, 8.445728394706362e-5, 0.9996779214769781, 6.978351316467471e-5, 4.514349712270071e-5, 0.00012294885442796805, 0.27827382210652724, 0.00019527717711202412, 0.4978557987433025, 0.26794902587296576, 0.00019233453560277123, 0.6941907223040369, 0.6941789580884369, 0.4503832109955286, 0.6941128448921854, 0.6940681628088912, 0.007427815548950265, 0.0010087294136491138, 0.0005139767898680612, 0.999545314632744, 0.9995453198327554, 0.5843113386868597, 0.6366747153380641, 8.735151578234831e-5, 1.6150318950490963, 1.664007021296912, 8.610428798021914e-5, 144.14356973248948, 144.143537814757, 7.771252813175868, 7.771348152520277, -87.88921682881987, 3.087935515541647e-7, 3.858082980484926e-7]
Continuation Approach
Continuation for parameter vector 28
lc = [0.013148829024273962, 2.3586702622718416e-9, 0.9999999907957215, 0.9999999907941136, 0.9997942934319565, 0.9999999907956937, 0.9999999907940302, 0.9096428759873546, 0.999972349805353, 0.003105776712282575, 0.996768041289439, 1.8144658125073846e-8, 8.323331951233182e-5, 0.99955616731077, 6.883368234160753e-5, 7.802632922049508e-5, 0.0002139942283879265, 0.2723565829919274, 0.00019351873997063427, 0.5008210893454009, 0.2706677415446665, 0.0001894170013674705, 0.6969906903249181, 0.696980972948472, 0.45366604464279264, 0.6969263454999034, 0.6968895201487304, 0.007367947999607846, 0.0010032714845825794, 0.0005111944474402848, 0.9995516807275399, 0.9995516850047806, 0.5858578531267529, 0.6392504050198302, 8.86069525711113e-5, 1.6258809198478363, 1.6734265519017202, 8.768042082863069e-5, 144.55571110149813, 144.55568010785524, 7.356955652917843, 7.357041374192192, -87.96969370956501, 2.5371894469612265e-7, 3.1700655249595943e-7]
Continuation Approach
Continuation for parameter vector 29
lc = [0.015082577229824513, 2.4244264169327256e-9, 0.9999999905013855, 0.9999999904995831, 0.9997402079556448, 0.9999999905013452, 0.9999999904994696, 0.899960709029257, 0.9999656675358933, 0.003064266550574676, 0.9967984158169867, 1.8497179035551314e-8, 8.49510716778653e-5, 0.9996530555480059, 7.020515212823569e-5, 5.156210000856007e-5, 0.0001404806460673895, 0.29038454586331014, 0.0001960579152844616, 0.4957786487766267, 0.2645761823409398, 0.000193647975291296, 0.6929394173132124, 0.6929287734907973, 0.44893045331104425, 0.6928689258552837, 0.6928283643927388, 0.007454626530006031, 0.0010111685144791741, 0.0005152201992188813, 0.9995424580705257, 0.9995424627848076, 0.5769184169911364, 0.6282427123509294, 8.847263671531364e-5, 1.6450224641371207, 1.7013300128257338, 8.736963056543198e-5, 144.08339537490107, 144.083364758942, 7.824294963246132, 7.82438739329286, -87.85338447407837, 3.365323540399255e-7, 4.204555581030832e-7]
Continuation Approach
Continuation for parameter vector 30
lc = [0.014609289641117634, 2.4333438010476914e-9, 0.9999999904614009, 0.9999999904596268, 0.9997417036033086, 0.9999999904613599, 0.9999999904595072, 0.9009722779330344, 0.9999645575317332, 0.0030378929091435256, 0.9968024441655507, 1.8542405778556238e-8, 8.51320706820755e-5, 0.9995946847479055, 7.038535686463527e-5, 6.70470864988413e-5, 0.00018300521111200044, 0.2901771636016249, 0.00019639846633954006, 0.49495769426805963, 0.2633669727857154, 0.00019422003232605163, 0.6923961847505697, 0.6923856842517452, 0.4482998136755247, 0.6923267343866935, 0.6922868411946921, 0.007466276840452993, 0.001012227601694939, 0.0005157601035938428, 0.9995412132392187, 0.9995412178919628, 0.5746876176052629, 0.6261124194597991, 8.826062386845493e-5, 1.633445597360247, 1.6885237136124605, 8.717241863546684e-5, 143.9472882282384, 143.9472567288511, 7.962848225128749, 7.962940859872267, -87.83785394717727, 2.916415628134524e-7, 3.643672308881341e-7]
Continuation Approach
Continuation for parameter vector 31
lc = [0.011815077757529489, 2.3926485327572704e-9, 0.9999999906437691, 0.999999990642063, 0.9997305692401485, 0.9999999906437304, 0.9999999906419575, 0.8985929478699992, 0.9999631328797314, 0.0023933260496963728, 0.996783877439803, 1.8329570277730964e-8, 8.417429033679014e-5, 0.9996794572754762, 6.954871492521013e-5, 4.485324454560156e-5, 0.00012222115994465173, 0.2946472483678364, 0.00019483544371909267, 0.4971463121070752, 0.2647154889188075, 0.00019160612873708141, 0.6948871395716297, 0.694876890429277, 0.4512015426537271, 0.694819545959116, 0.6947809975980267, 0.007412909282595814, 0.0010073715145393703, 0.0005132845588286072, 0.999546906721488, 0.9995469112411428, 0.5739053455463374, 0.6252224213067078, 8.309766006063586e-5, 1.5081108796212397, 1.5568423223658974, 8.190802973124168e-5, 144.36223947615727, 144.36220886859022, 7.574105192242754, 7.574196349538449, -87.90919409311196, 1.9912630232723351e-7, 2.4874498431885376e-7]
Continuation Approach
Continuation for parameter vector 32
lc = [0.013220400254822963, 2.4160215150314096e-9, 0.9999999905388691, 0.9999999905367406, 0.9997761646845685, 0.9999999905388203, 0.9999999905366082, 0.9060482816034007, 0.9999700772731589, 0.0028305374097747256, 0.9967946397346773, 1.845344987549053e-8, 8.475778313535904e-5, 0.9996764534382675, 7.003284312669315e-5, 4.540847033930494e-5, 0.00012360202716878496, 0.2795609269684258, 0.00019574288914360528, 0.4966605054554635, 0.2661258489406495, 0.00019310818406523158, 0.6934529719072807, 0.6934403105839391, 0.4495204450104416, 0.6933692478142559, 0.6933212639466279, 0.007443618353313911, 0.0010101678307255896, 0.0005147100684363484, 0.9995436265841962, 0.9995436321851221, 0.5818154971843077, 0.6339432899584921, 8.67487823747234e-5, 1.594682181497985, 1.6447669533085518, 8.557676846417474e-5, 144.05278341196106, 144.05275325237798, 7.865888088858892, 7.865979800222768, -87.8680813602662, 2.6964802507543947e-7, 3.368859649474585e-7]
Continuation Approach
Continuation for parameter vector 33
lc = [0.011431488107159223, 2.3753869369735604e-9, 0.999999990720858, 0.9999999907189502, 0.9998213193840612, 0.9999999907208146, 0.999999990718832, 0.9147866305178147, 0.999976086078705, 0.0024849978829640743, 0.9967759033126784, 1.823720452313398e-8, 8.372869327447892e-5, 0.9996626731026019, 6.918886588982333e-5, 4.950485735956267e-5, 0.00013515925895012202, 0.26207641578274676, 0.00019417323285210913, 0.500436341549763, 0.27173375302487657, 0.00019049459034647565, 0.695953214416183, 0.6959416690137078, 0.4524432518523856, 0.6958769874839672, 0.6958335468299598, 0.007390110632229491, 0.0010052939390971288, 0.0005122254523221759, 0.9995493249386624, 0.999549330023806, 0.5915564836074514, 0.6457833846834792, 8.38796213243065e-5, 1.5191034785107569, 1.5647757200565373, 8.271701734365292e-5, 144.4189994605922, 144.41896953326656, 7.515522342315428, 7.515611393608939, -87.93982632780806, 2.0980128804483438e-7, 2.620977287184788e-7]
Continuation Approach
Continuation for parameter vector 34
lc = [0.014554720515517245, 2.4120213594080807e-9, 0.9999999905569797, 0.9999999905551774, 0.9997435417905545, 0.9999999905569402, 0.9999999905550652, 0.9004559343074433, 0.9999661596895102, 0.0032120732139348236, 0.9967927755861294, 1.8430649735180786e-8, 8.462250824480248e-5, 0.9996276340013451, 6.994669591064375e-5, 5.8468510408418516e-5, 0.00015958286882240575, 0.2895302425789646, 0.00019558250642526254, 0.4965140180129735, 0.26517436924775634, 0.0001928515100949919, 0.6936975345807233, 0.6936868385202692, 0.4498124323546487, 0.6936266615464088, 0.6935858930020062, 0.0074383787788527495, 0.0010096905579073726, 0.0005144667634174537, 0.9995441922155912, 0.9995441969484115, 0.5774299988198355, 0.6288465939494174, 8.9611487385523e-5, 1.670967331191166, 1.7213644204442093, 8.845548593947822e-5, 144.18303590809506, 144.18300532046976, 7.720385724279649, 7.720478399409174, -87.87508390672339, 3.3629572098709223e-7, 4.2019606064313175e-7]
Continuation Approach
Continuation for parameter vector 35
lc = [0.014465491475522202, 2.3678616270555672e-9, 0.9999999907546891, 0.9999999907531191, 0.9997497415240868, 0.9999999907546543, 0.9999999907530202, 0.9017194150763663, 0.999966598689852, 0.0032625850377498438, 0.9967723470197921, 1.8196243602389405e-8, 8.352004639240545e-5, 0.9996358683937825, 6.903051728831592e-5, 5.671940650892667e-5, 0.00015511645499533282, 0.2876673017004913, 0.0001938745968512046, 0.4993036053648204, 0.26762181512648764, 0.00019000983326712592, 0.6964194584973686, 0.6964099927753683, 0.45299704338172486, 0.696356656617545, 0.6963205438399005, 0.007380148074268423, 0.0010043846983928482, 0.0005117619402329893, 0.9995503887880278, 0.9995503929606553, 0.5785880554577181, 0.6305147457079443, 8.980345965928819e-5, 1.662561124422627, 1.7140450109261296, 8.881758728614925e-5, 144.67410829620013, 144.6740779909058, 7.230675591105403, 7.230763820867953, -87.95324117335451, 3.081585784638828e-7, 3.8503104709127573e-7]
Continuation Approach
Continuation for parameter vector 36
lc = [0.012484164756988726, 2.390080282234926e-9, 0.9999999906553927, 0.9999999906539241, 0.9998121781560656, 0.9999999906553595, 0.9999999906538332, 0.9126745730635029, 0.9999755232171332, 0.002928567825710616, 0.9967826622848819, 1.83157038613096e-8, 8.410488447241911e-5, 0.9996726221744484, 6.9494980202252e-5, 4.670145615090124e-5, 0.0001273312037088468, 0.2649486827669043, 0.00019473146110366216, 0.5000370519194688, 0.2721490155810452, 0.00019144104579926253, 0.6950452270576842, 0.6950363911625276, 0.45139142193593607, 0.6949869017521981, 0.6949536429870915, 0.007409527257533221, 0.0010070630073824537, 0.0005131272878990779, 0.9995472712113346, 0.9995472751081717, 0.5918156693731106, 0.6458480346154802, 8.733725665951658e-5, 1.5960088918340514, 1.6421163064732685, 8.634339483285674e-5, 144.40539640190474, 144.40536571713363, 7.513500038721648, 7.513586451598546, -87.91373208747878, 2.497435384157595e-7, 3.1203034762791003e-7]
Continuation Approach
Continuation for parameter vector 37
lc = [0.015048162008167587, 2.407685802411151e-9, 0.999999990576424, 0.9999999905746644, 0.9997478114499935, 0.9999999905763837, 0.9999999905745542, 0.9015648361534339, 0.9999661932668619, 0.0031915921299438964, 0.9967907899307027, 1.8408725728952754e-8, 8.453695555192074e-5, 0.9996596236808544, 6.985913954249076e-5, 4.998299866340609e-5, 0.00013625183153487963, 0.28790109630982946, 0.00019541517284472372, 0.4966963920400233, 0.2651743077331878, 0.0001925729869801907, 0.693963141238128, 0.6939526772566291, 0.4501227205708378, 0.6938937709212074, 0.6938538328972067, 0.0074326894465146015, 0.001009172719417657, 0.0005142027788845836, 0.9995447996243888, 0.9995448042532995, 0.576991253395461, 0.6286130236547632, 8.938375227053725e-5, 1.6607781644656168, 1.7156321648152635, 8.830639988385963e-5, 144.21712600802505, 144.21709496241016, 7.68757773444068, 7.687669932803781, -87.8826933005567, 3.263717536047464e-7, 4.0777621912098644e-7]
Continuation Approach
Continuation for parameter vector 38
lc = [0.012908927450106149, 2.3746346495332707e-9, 0.9999999907243875, 0.9999999907227544, 0.9998138309339375, 0.9999999907243511, 0.9999999907226377, 0.9131046532127418, 0.9999756017531957, 0.003194071809153384, 0.9967755169796928, 1.8230314234903947e-8, 8.364678059923512e-5, 0.99957441633468, 6.916722761800338e-5, 7.30164203629332e-5, 0.00020000802193985464, 0.2640838003479611, 0.000194138192401428, 0.5006315175931473, 0.2720514885577338, 0.00019044632706284739, 0.695999614286507, 0.6959897783033603, 0.4525038904036424, 0.6959345252119297, 0.6958972980907415, 0.007389119281520639, 0.0010052030650379337, 0.0005121791265893331, 0.9995494358970768, 0.9995494402322789, 0.5911480453600361, 0.6452129256835748, 8.927018175894423e-5, 1.6357350469841738, 1.6813316972163408, 8.832725431431929e-5, 144.49401732533977, 144.49398758536486, 7.4169231339760495, 7.4170077675778305, -87.94116023641361, 2.5669615658282854e-7, 3.2073684950951314e-7]
Continuation Approach
Continuation for parameter vector 39
lc = [0.016283691545363806, 2.417471578574238e-9, 0.9999999905325823, 0.9999999905308296, 0.9997741478733237, 0.9999999905325437, 0.9999999905307214, 0.9052239590208214, 0.9999705212834916, 0.0033908223300402507, 0.9967952528558875, 1.8457101588389303e-8, 8.470712087060149e-5, 0.9995531906923384, 7.005436574058341e-5, 7.82692161768708e-5, 0.0002140331628477977, 0.27877563160317037, 0.00019579062798196964, 0.49710302165641246, 0.2673304204634874, 0.00019320157394906205, 0.693364072196527, 0.6933536744150515, 0.4494252870123347, 0.6932950514662891, 0.6932552176717169, 0.007445523933530074, 0.0010103405593969435, 0.0005147981224055736, 0.9995434308789961, 0.9995434354847995, 0.5831896305695413, 0.6356094560297901, 9.066596342511479e-5, 1.6915687988174581, 1.750936914445372, 8.971760132113188e-5, 144.12112996506312, 144.121097814873, 7.776714075666292, 7.7768054921569325, -87.86553548568459, 3.6022759193256145e-7, 4.5008270536358284e-7]
Continuation Approach
Continuation for parameter vector 40
lc = [0.013590164746394354, 2.3863328499982733e-9, 0.9999999906721262, 0.9999999906705981, 0.9997985003757417, 0.9999999906720914, 0.9999999906705032, 0.9093982319247204, 0.9999742389497035, 0.0030965662843818503, 0.9967809367388939, 1.8291691121531477e-8, 8.392253136213332e-5, 0.9995470431217005, 6.940849212818708e-5, 8.019820865026218e-5, 0.00021968236952319857, 0.27052760408334087, 0.00019458813481062508, 0.5000732420372763, 0.2718497041465553, 0.0001911998102236008, 0.6952763786200008, 0.6952671946309921, 0.45166021870111694, 0.6952155978330877, 0.6951807832372705, 0.007404582618094913, 0.0010066125431970531, 0.0005128976501316251, 0.999547795738862, 0.99954779979115, 0.5905165090472224, 0.6439382761889457, 8.868952138303948e-5, 1.6363539435601033, 1.6850421781902583, 8.761225213574311e-5, 144.4507076163824, 144.45067631130306, 7.459772782351364, 7.459863257942556, -87.92037076390987, 3.1126483448086474e-7, 3.889081253754747e-7]
Continuation Approach
Continuation for parameter vector 41
lc = [0.013870382574033457, 2.3806707443985228e-9, 0.9999999906973651, 0.9999999906956725, 0.999801663855942, 0.9999999906973277, 0.9999999906955661, 0.9106108091809814, 0.9999743460965704, 0.0032683685046830907, 0.9967783319096515, 1.8264387770077008e-8, 8.384078217813946e-5, 0.9996339514674932, 6.929678715040639e-5, 5.710049584299338e-5, 0.00015606521790233684, 0.2685643353294708, 0.00019437284789761372, 0.49998334564860464, 0.2709799796526093, 0.00019083512381047897, 0.6956261828714732, 0.6956160239438959, 0.4520656353214749, 0.695558894485912, 0.6955203200882183, 0.007397101967963688, 0.0010059309846303175, 0.0005125502051942939, 0.9995485872882306, 0.9995485917696217, 0.589172855480082, 0.6426199687467485, 8.977253583052446e-5, 1.654913367769868, 1.7044086431338958, 8.885945023258625e-5, 144.3765542675622, 144.3765242345093, 7.530007711322146, 7.5300930579329295, -87.93042270872978, 2.910180075362622e-7, 3.636185871348324e-7]
Continuation Approach
Continuation for parameter vector 42
lc = [0.012044811128966366, 2.402823591425547e-9, 0.9999999905982725, 0.9999999905966256, 0.9998163080163656, 0.9999999905982319, 0.9999999905965273, 0.9131588349372708, 0.9999760469668078, 0.0026334011447369577, 0.9967885481330624, 1.8381981878134544e-8, 8.439427348669907e-5, 0.9996306675531634, 6.975636766064913e-5, 5.7752171111435024e-5, 0.00015768426781749786, 0.26403147982222286, 0.00019522566631597864, 0.4993996781454018, 0.2719692749920664, 0.00019226056335377845, 0.694261384140353, 0.6942515996847819, 0.45047299944727254, 0.6941968649378524, 0.6941601083104084, 0.007426302988821003, 0.0010085911637613876, 0.0005139063126727408, 0.9995454824793387, 0.9995454867981938, 0.5929889933125215, 0.6470507663576116, 8.510422563702223e-5, 1.5517924895207496, 1.5985192526658245, 8.397865111446627e-5, 144.23091194003015, 144.2308807854439, 7.696881703984876, 7.696971559378951, -87.89124193347607, 2.4143081255014636e-7, 3.0162247530652275e-7]
Continuation Approach
Continuation for parameter vector 43
lc = [0.009984206773920529, 2.3394709448641256e-9, 0.9999999908813465, 0.9999999908796271, 0.9998158795490265, 0.9999999908813073, 0.9999999908795206, 0.9130394199125275, 0.9999761229087776, 0.0020767782117922526, 0.9967589799317647, 1.8044998158576085e-8, 8.281199905265724e-5, 0.9996464838207407, 6.843919630103704e-5, 5.418301376809027e-5, 0.00014833694078415365, 0.2636087787451281, 0.0001927739535514586, 0.5028804293606224, 0.2742013800546354, 0.00018817716661079033, 0.6981891660870448, 0.6981786506726995, 0.45507151787068084, 0.6981198641275334, 0.698080576795452, 0.007342374364514244, 0.0010009361219189853, 0.0005100039310956541, 0.9995543827951815, 0.999554387408071, 0.5929896543395217, 0.6473003583169249, 8.004520995255661e-5, 1.4306700739261393, 1.4743406363200868, 7.893683098470328e-5, 144.75166143124045, 144.75163071099746, 7.201158869946035, 7.201245389217841, -88.00426925534205, 1.5325662073351428e-7, 1.9143547073965676e-7]
Continuation Approach
Continuation for parameter vector 44
lc = [0.012448142149499563, 2.3836977746717653e-9, 0.9999999906837632, 0.9999999906819682, 0.9997657801855628, 0.9999999906837229, 0.9999999906818547, 0.9040341382633806, 0.9999691105528458, 0.00261162746879589, 0.9967797500700004, 1.8278672484273762e-8, 8.387753229926559e-5, 0.9995783697887589, 6.935583080985543e-5, 7.18769013032818e-5, 0.00019677468341134, 0.2829130774647009, 0.00019449206332541373, 0.49878733197193464, 0.2681047867055956, 0.00019102996776321348, 0.6954392235067168, 0.6954284142349025, 0.45184457998996597, 0.6953677353021376, 0.6953268229649602, 0.007401099558045294, 0.0010062955544991102, 0.0005127360555990684, 0.9995481604214198, 0.9995481651885414, 0.5818617902409059, 0.6340779893210594, 8.50875572567794e-5, 1.5597630399397169, 1.6070673964832876, 8.379659389193193e-5, 144.45192723113848, 144.45189546353328, 7.474256169283856, 7.4743514263521815, -87.92504991801877, 2.655292760045179e-7, 3.317300710330165e-7]
Continuation Approach
Continuation for parameter vector 45
lc = [0.012370224570798267, 2.41777348072817e-9, 0.9999999905310734, 0.9999999905290469, 0.9998013677549016, 0.9999999905310274, 0.9999999905289182, 0.9104947668488325, 0.9999739985588993, 0.0026727593378103394, 0.9967954242638652, 1.8461485771019395e-8, 8.477452130312763e-5, 0.9996388195049093, 7.00664882497032e-5, 5.542748084925237e-5, 0.00015116655841582044, 0.2698365689989664, 0.0001958078895448268, 0.49760314905315917, 0.26885231049820907, 0.0001932207542197264, 0.6933457963127281, 0.6933337429000155, 0.44939797637200624, 0.6932661850288513, 0.6932206625334023, 0.007445915244573298, 0.0010103766152095197, 0.0005148165030120814, 0.9995433835143294, 0.9995433888452457, 0.5882505432449758, 0.641378099052305, 8.562258697757832e-5, 1.568901496835922, 1.6155572126220863, 8.430498417338363e-5, 144.0417803780112, 144.04174926785086, 7.88262932862939, 7.882724673206435, -87.86501300747148, 2.647897158771377e-7, 3.308149218310761e-7]
Continuation Approach
Continuation for parameter vector 46
lc = [0.013833855116727078, 2.4234261910490846e-9, 0.9999999905056794, 0.9999999905035586, 0.9997415760160281, 0.9999999905056338, 0.9999999905034228, 0.9000861349325197, 0.9999657072470323, 0.002888477498015158, 0.9967980031949256, 1.8491207004747666e-8, 8.491155237992071e-5, 0.999632765791439, 7.018295956764646e-5, 5.6985062572945744e-5, 0.0001554091583838972, 0.29070209536358826, 0.0001960265572999421, 0.4954573762703598, 0.2637778653249279, 0.00019358354534271572, 0.693000648259399, 0.692988042084163, 0.44899439639276206, 0.6929171769053635, 0.6928691837654656, 0.007453313350191835, 0.0010110496415074858, 0.000515159599865593, 0.9995425916862862, 0.9995425972690934, 0.5762457998028124, 0.6273519564705508, 8.736710058819616e-5, 1.6215434349413456, 1.6717254446618146, 8.603136514202698e-5, 144.08588372385478, 144.08585336127544, 7.827508974133756, 7.827605556128935, -87.8551367447254, 3.1954109246245824e-7, 3.9923507199932543e-7]
Continuation Approach
Continuation for parameter vector 47
lc = [0.011098513330372895, 2.3708779316315716e-9, 0.9999999907411009, 0.9999999907393369, 0.9998253417831807, 0.9999999907410605, 0.9999999907392272, 0.9151032393909703, 0.9999772222646441, 0.002411720521489923, 0.9967737814195977, 1.8212368916182824e-8, 8.359723385292046e-5, 0.9996376255883109, 6.90933692371693e-5, 5.6221057234641223e-5, 0.00015371755373819984, 0.2597380466962588, 0.00019399547369464053, 0.5012378126327203, 0.2734074496751496, 0.00019020412711834813, 0.6962324870254946, 0.6962218356369032, 0.45277363932418824, 0.696162224301342, 0.6961222568312577, 0.0073841425794896505, 0.0010047494063147766, 0.0005119478607321994, 0.9995499611939456, 0.9995499658819416, 0.5944116739377471, 0.6489799291160343, 8.32210333826799e-5, 1.505088593149856, 1.5497145210493526, 8.207373562800229e-5, 144.44230241510363, 144.44227149804095, 7.495237828746963, 7.495326871608935, -87.94786034956472, 2.0459897278431394e-7, 2.5559591471407465e-7]
Continuation Approach
Continuation for parameter vector 48
lc = [0.013009542160813558, 2.411832707656799e-9, 0.9999999905578056, 0.9999999905559809, 0.9998211583946585, 0.999999990557764, 0.9999999905558674, 0.9145738524690743, 0.9999764296833638, 0.002996063622900345, 0.9967926931569725, 1.8427572345069567e-8, 8.457297221851773e-5, 0.9995643173713163, 6.993837621797506e-5, 7.535454177474629e-5, 0.00020607132610999616, 0.26155201571621, 0.00019557582744188578, 0.49859206809677936, 0.27083983057850436, 0.00019283936810471865, 0.6937091061468177, 0.6936982232202558, 0.4498252631836954, 0.6936372046065465, 0.6935960946164988, 0.00743813083829063, 0.001009668048932011, 0.0005144552887532294, 0.9995442180353085, 0.9995442228463368, 0.5923350272415225, 0.6464606837597211, 8.791059321961045e-5, 1.6126476845980335, 1.6605530214525521, 8.685917626401389e-5, 144.10679412970705, 144.1067643961134, 7.808511914969462, 7.808599667204323, -87.8754154255289, 2.6807929455622153e-7, 3.349428436778368e-7]
Continuation Approach
Continuation for parameter vector 49
lc = [0.013556723997955548, 2.350955921735774e-9, 0.9999999908300597, 0.9999999908282721, 0.9997945917556053, 0.9999999908300223, 0.99999999082816, 0.9088910104766188, 0.9999736411675549, 0.0031700630385737864, 0.9967644305932023, 1.8103531826931307e-8, 8.3040079287524e-5, 0.9995581519197662, 6.867288989382388e-5, 7.757036707222706e-5, 0.00021281965553442863, 0.271616102072115, 0.00019322295257846335, 0.5015553997184026, 0.27191133405302, 0.00018891897056404298, 0.6974714772548883, 0.6974605968685282, 0.45422619683058263, 0.6973992720626748, 0.6973578208409428, 0.007357684862062282, 0.001002334808884744, 0.0005107169505139453, 0.9995527631190851, 0.9995527679082042, 0.5887074588058759, 0.6419691465110156, 8.916334475852575e-5, 1.643843146998573, 1.6918413814145332, 8.815211595692145e-5, 144.60973736574672, 144.609705560442, 7.299308021778738, 7.29939717086578, -87.98355522835256, 2.9915383635029447e-7, 3.7378313848378975e-7]
Continuation Approach
Continuation for parameter vector 50
lc = [0.012405737119129543, 2.4202083468237573e-9, 0.9999999905203555, 0.9999999905186717, 0.999821754022937, 0.9999999905203167, 0.9999999905185659, 0.9150409724223005, 0.9999761519203578, 0.002867515255095282, 0.9967964881681506, 1.847422010966929e-8, 8.48317460339418e-5, 0.9996338228508441, 7.011659446137436e-5, 5.673545543483617e-5, 0.0001547478941872274, 0.26135152560406577, 0.00019589392341405729, 0.4981643884445469, 0.2705369119175269, 0.00019337732553651306, 0.6931968093801456, 0.6931868130546206, 0.4492322465625197, 0.6931308722883444, 0.6930932579009704, 0.007449108884194044, 0.0010106665437069687, 0.0005149643033830406, 0.9995430495622422, 0.9995430539824778, 0.5917096094268669, 0.6459875757067471, 8.697095979935648e-5, 1.5848868342175881, 1.6318258266325638, 8.586903297924369e-5, 144.07839038661118, 144.07835977202632, 7.8425893133755595, 7.842678896549472, -87.86074813921785, 2.371237544184905e-7, 2.962566401531124e-7]
Continuation Approach
Continuation for parameter vector 51
lc = [0.0119281485654873, 2.3889644353128223e-9, 0.9999999906602621, 0.9999999906585622, 0.9997920952867007, 0.9999999906602218, 0.9999999906584578, 0.9090643923385445, 0.9999729345535477, 0.002775674427808288, 0.9967821751230025, 1.831014586762695e-8, 8.408516717357464e-5, 0.9996840814074233, 6.947255822248079e-5, 4.365994371367695e-5, 0.00011895562859273359, 0.2720397712311978, 0.00019469318083544087, 0.499057982887406, 0.2693567198854963, 0.0001913690695071692, 0.6951141619632679, 0.6951039690003847, 0.4514669303898009, 0.6950468709491979, 0.6950084931807738, 0.007408052258882682, 0.0010069289889297467, 0.0005130589679214758, 0.9995474234814359, 0.9995474279765565, 0.5860667411538136, 0.6391084972843001, 8.62128614849017e-5, 1.5681924200857458, 1.612949346553993, 8.51418077854573e-5, 144.41604696919987, 144.41601793090075, 7.508647084770712, 7.508733368747313, -87.91571210045541, 2.2662580087925447e-7, 2.8313936743588687e-7]
Continuation Approach
Continuation for parameter vector 52
lc = [0.011316398036965278, 2.429176320617504e-9, 0.9999999904801442, 0.999999990478461, 0.9998131840743091, 0.9999999904801053, 0.9999999904783553, 0.9131449255559787, 0.9999752618090362, 0.002475318169380215, 0.996800551502959, 1.8523389719013183e-8, 8.509326117937795e-5, 0.9996857198193911, 7.030565339088209e-5, 4.279785342780578e-5, 0.00011633790410285598, 0.26480495093125767, 0.0001962371608145833, 0.49743628053628536, 0.26951973472629903, 0.00019395280713024326, 0.692649817994825, 0.6926398330546736, 0.44859639024549813, 0.6925841015504455, 0.6925467272909739, 0.0074608366558951734, 0.0010117329625672405, 0.0005155079450377756, 0.9995417966965826, 0.9995418011122611, 0.5899716111174768, 0.6437762596833546, 8.387829189633719e-5, 1.521302949696407, 1.5657792680588305, 8.263313599670949e-5, 144.1206736349453, 144.1206440135309, 7.813619857531779, 7.813710595080074, -87.84510296350119, 2.123164344271658e-7, 2.652437845991712e-7]
Continuation Approach
Continuation for parameter vector 53
lc = [0.014406049788755915, 2.3684964533106754e-9, 0.9999999907516873, 0.9999999907498346, 0.9998150333526152, 0.9999999907516458, 0.9999999907497199, 0.9125712297706876, 0.999976319167327, 0.003000770102543694, 0.996772680679071, 1.820115468138014e-8, 8.356967010827471e-5, 0.9996825305052178, 6.90468823467127e-5, 4.428920596618966e-5, 0.00012081854976644615, 0.2636839269910059, 0.00019390530647785687, 0.5011204055412518, 0.2728596720580162, 0.00019005054873945845, 0.6963802523192908, 0.6963690480971324, 0.4529446274947737, 0.6963059396381632, 0.6962632571055436, 0.007380985307815295, 0.0010044615554212302, 0.00051180112033906, 0.9995502941692654, 0.9995502991080433, 0.5931679410631396, 0.6471599555676579, 8.781571707367752e-5, 1.6163074211996393, 1.672176626448784, 8.689262689319155e-5, 144.39587266555432, 144.39584095202508, 7.517497729409039, 7.517585996975989, -87.95211329746813, 3.143897654457058e-7, 3.927769926971679e-7]
Continuation Approach
Continuation for parameter vector 54
lc = [0.011119757037087653, 2.3427769683306445e-9, 0.9999999908665375, 0.9999999908646823, 0.9997433419559516, 0.9999999908664915, 0.9999999908645588, 0.9005184455580729, 0.9999653698097937, 0.002276768307599906, 0.9967605651165081, 1.806272364763585e-8, 8.289652844555713e-5, 0.999647908478492, 6.850832390313641e-5, 5.3770326161342375e-5, 0.00014717129543454594, 0.29002872430772436, 0.00019290537846459828, 0.5001100938716606, 0.26710165132911373, 0.00018839070213393796, 0.697982376231258, 0.6979711699738107, 0.4548256177599894, 0.6979083321225297, 0.6978661158384901, 0.007346784570374485, 0.00100133927311716, 0.0005102094484839924, 0.9995539145442905, 0.9995539194657811, 0.5760949455987824, 0.6278366079035844, 8.201992292659279e-5, 1.4783906329219807, 1.5250708325995674, 8.08493487824603e-5, 144.74509909992796, 144.74506852991598, 7.197547834314237, 7.197637589770725, -87.99829822826389, 1.7987572523351245e-7, 2.2469266138783301e-7]
Continuation Approach
Continuation for parameter vector 55
lc = [0.010719744312945529, 2.3702100335175183e-9, 0.999999990744021, 0.9999999907421563, 0.9998230468310275, 0.9999999907439792, 0.999999990742039, 0.9146833311796896, 0.9999762337451764, 0.002231337245599596, 0.9967734832547289, 1.8209221706217838e-8, 8.358950593499898e-5, 0.9996502017958712, 6.908031270581023e-5, 5.287921425946542e-5, 0.0001445039777345045, 0.262072405128665, 0.00019397187521399378, 0.5009263087128932, 0.2724772195955315, 0.0001901609968847848, 0.6962739717790772, 0.6962626640888478, 0.45281981066092164, 0.6961994187289225, 0.6961570431997399, 0.007383256028223401, 0.0010046687220786228, 0.000511906729584084, 0.9995500530255876, 0.9995500580012339, 0.5924549051971743, 0.6468462868627123, 8.159078946391229e-5, 1.4673202796911937, 1.5128745185820085, 8.042645022518948e-5, 144.49544986064836, 144.49541950192642, 7.449613533280321, 7.449702247863039, -87.94905443665483, 1.7599743852074274e-7, 2.1984901339921133e-7]
Continuation Approach
Continuation for parameter vector 56
lc = [0.013527692873855388, 2.4111746309032537e-9, 0.9999999905607766, 0.9999999905589854, 0.9997827646786283, 0.9999999905607442, 0.9999999905588793, 0.9075406007077395, 0.999970347924231, 0.002969121230589527, 0.9967923880460727, 1.8427398714298862e-8, 8.462820492561675e-5, 0.9996650231490627, 6.993175529201202e-5, 4.850716393900693e-5, 0.00013216431441998394, 0.27748228621527515, 0.00019554978231749656, 0.49732173206310215, 0.2672109603031552, 0.00019279712204672595, 0.6937493803037468, 0.6937387279942935, 0.44987300859437973, 0.6936789239007841, 0.6936385368200153, 0.007437268112173632, 0.0010095894772880441, 0.0005144152343672355, 0.9995443108212154, 0.9995443155316244, 0.5826367408392371, 0.6352909663437565, 8.77646280762299e-5, 1.6105896343658264, 1.6616555714118175, 8.665326308003117e-5, 144.2150553373658, 144.2150244818744, 7.700180223133615, 7.700271724597255, -87.87656895291146, 2.66183077862011e-7, 3.3256148822231693e-7]
Continuation Approach
Continuation for parameter vector 57
lc = [0.015278650212184533, 2.3798118558424772e-9, 0.999999990700984, 0.9999999906988947, 0.999711977814712, 0.9999999907009364, 0.9999999906987652, 0.8957138764385609, 0.9999620720257377, 0.003193210757096454, 0.9967779832338882, 1.8257833616114815e-8, 8.37768756281995e-5, 0.9995729154859069, 6.927465881981598e-5, 7.336732818162003e-5, 0.00020092040931803264, 0.29792689585546706, 0.00019434810966742136, 0.49720531247884514, 0.2637251966936183, 0.00019077951917339936, 0.6956795352392983, 0.6956670023313105, 0.4521191745791364, 0.6955962684641276, 0.6955482234431944, 0.007395960779236166, 0.0010058276038853338, 0.0005124975037767308, 0.9995487004836177, 0.999548706017101, 0.5720923619898028, 0.6227426574200645, 8.933051692598962e-5, 1.6629072492820016, 1.718801757841785, 8.831744139487555e-5, 144.29696792725326, 144.29693713477042, 7.607176974048918, 7.607267356433077, -87.93195728618552, 3.3273792914379857e-7, 4.157282849522242e-7]
Continuation Approach
Continuation for parameter vector 58
lc = [0.013208943095182118, 2.364536277176639e-9, 0.9999999907693089, 0.9999999907673294, 0.9998080192043542, 0.9999999907692642, 0.999999990767204, 0.9113236212484864, 0.999974878349071, 0.002773477653480163, 0.9967708435260915, 1.8180377924414296e-8, 8.3477390418558e-5, 0.9996927794652687, 6.89651068464359e-5, 4.160260955723066e-5, 0.00011343026222499686, 0.2677091959220845, 0.00019375449880271775, 0.5009590522510099, 0.2719756712580348, 0.00018979510789990294, 0.6966262001695034, 0.6966141998125065, 0.45322997492970374, 0.6965466777687273, 0.696501088096889, 0.007375731261341548, 0.0010039824223678636, 0.000511556868374869, 0.9995508484894172, 0.9995508537757114, 0.5908523769664074, 0.6444954281404572, 8.620278022249555e-5, 1.5737124555855, 1.6262591294567308, 8.51221953296942e-5, 144.44798742848366, 144.4479555934634, 7.474424309469479, 7.474515713032827, -87.95919466208923, 2.6867921821373756e-7, 3.3565604767582825e-7]
Continuation Approach
Continuation for parameter vector 59
lc = [0.010598527184657177, 2.3773626958611205e-9, 0.9999999907122183, 0.9999999907106462, 0.9997575320567608, 0.9999999907121823, 0.9999999907105478, 0.9029092102149654, 0.999967655499031, 0.002214465680306882, 0.9967767796768294, 1.8246990048537917e-8, 8.376209632424599e-5, 0.9996401709969512, 6.922847457378814e-5, 5.5477385118294735e-5, 0.00015161581538512554, 0.28472033488797166, 0.00019424241128689507, 0.4988398022570084, 0.26740822512658075, 0.00019062212835767499, 0.6958307030907803, 0.6958212101391978, 0.45230750615927723, 0.6957681922060668, 0.6957326900137173, 0.0073927297501909265, 0.0010055321928917865, 0.0005123469092431139, 0.9995490538286358, 0.999549058006782, 0.5790355178702404, 0.6312189991465419, 8.143866605880552e-5, 1.464063494560782, 1.5083300149631873, 8.026751089887016e-5, 144.59399946514756, 144.59397019805505, 7.35193717124823, 7.352024813714997, -87.93630230934262, 1.6824122457039037e-7, 2.1016117878405317e-7]
Continuation Approach
Continuation for parameter vector 60
lc = [0.013531553674027762, 2.394787711387131e-9, 0.9999999906343159, 0.9999999906328122, 0.9998466506470522, 0.9999999906342814, 0.9999999906327173, 0.9198256307154383, 0.9999799167035501, 0.003072167421827412, 0.9967848374860303, 1.8339519614971803e-8, 8.419695596350086e-5, 0.999636479023566, 6.959016539545783e-5, 5.628429839936051e-5, 0.00015370423193487666, 0.24963562560047262, 0.0001949135536062593, 0.500778537165627, 0.27499017597484066, 0.0001917439031705769, 0.6947552967853662, 0.694746306502408, 0.4510522176756046, 0.6946958437952597, 0.694661829160409, 0.007415730785183424, 0.0010076281819496867, 0.0005134154029030303, 0.9995466107634152, 0.9995466147324422, 0.5998677575866258, 0.6557040941461822, 8.844062111279103e-5, 1.6215996307861968, 1.672095437763449, 8.743092782061612e-5, 144.39389616721735, 144.3938649132083, 7.5191651253903, 7.51925420172494, -87.90540950750837, 2.946968833938691e-7, 3.6819538693143234e-7]
Continuation Approach
Continuation for parameter vector 61
lc = [0.012986052258959633, 2.376152329439642e-9, 0.9999999907175839, 0.999999990715933, 0.9997577512215023, 0.9999999907175465, 0.9999999907158306, 0.9030169194182872, 0.9999672621581175, 0.0026488084340633845, 0.9967762263938121, 1.8237973385933617e-8, 8.367640671752231e-5, 0.9995606988404792, 6.919784275435797e-5, 7.665580453291042e-5, 0.00021002588272129073, 0.2861851553995863, 0.00019419733676286232, 0.49899029995666416, 0.26774466241086553, 0.00019054409725962511, 0.695905660205336, 0.6958957048667277, 0.4523934613818704, 0.6958398044221621, 0.6958020984508119, 0.007391127403909744, 0.0010053862151280825, 0.0005122724927557133, 0.9995492223601335, 0.999549226747684, 0.5796369994014903, 0.631739262857864, 8.530045648841791e-5, 1.566266457482743, 1.6166311833410132, 8.410545642577959e-5, 144.54013792209312, 144.54010632552024, 7.38426584048794, 7.384359087330678, -87.9384580278485, 2.6900019911152287e-7, 3.360580660843061e-7]
Continuation Approach
Continuation for parameter vector 62
lc = [0.01170224207585627, 2.3422649172174212e-9, 0.999999990869045, 0.9999999908676246, 0.9998182759964984, 0.9999999908690133, 0.999999990867537, 0.9144552963058472, 0.9999759063234008, 0.002753480907394101, 0.9967602685131207, 1.805772789944673e-8, 8.283397298433318e-5, 0.9995783436061134, 6.849297333013026e-5, 7.228011669222804e-5, 0.0001983042885854084, 0.2622367420844522, 0.00019287662609614363, 0.502725570146107, 0.27394477182786037, 0.00018835792420825154, 0.6980141323771346, 0.698005443182204, 0.45487236276383813, 0.6979567363062731, 0.6979240650185655, 0.007346107753256968, 0.0010012767430123627, 0.0005101775720415136, 0.9995539944809512, 0.9995539982965578, 0.5919512805462561, 0.6464867788245474, 8.586828451814037e-5, 1.5542505347436233, 1.5993906981648522, 8.496327177569274e-5, 144.87709004387318, 144.87706130472236, 7.050287045448187, 7.050368346297554, -87.99921408192634, 2.0887637219823268e-7, 2.6095729929121705e-7]
Continuation Approach
Continuation for parameter vector 63
lc = [0.015267315400971393, 2.4078324260063424e-9, 0.9999999905757457, 0.9999999905739706, 0.9997624155630601, 0.9999999905757063, 0.9999999905738493, 0.9031864012192606, 0.9999690833641768, 0.00337701914296535, 0.9967908608684057, 1.840841858597623e-8, 8.451704135764897e-5, 0.9996268270383036, 6.985990609273144e-5, 5.872572417146956e-5, 0.00016032489697291526, 0.28328971983125395, 0.00019542147766315584, 0.4973478691333475, 0.26692738363323115, 0.0001925823869062629, 0.6939541713593488, 0.6939435259270009, 0.4501115806051081, 0.6938835364981437, 0.6938428297328761, 0.007432881520421211, 0.0010091902513113885, 0.000514211716319191, 0.9995447785329562, 0.9995447832436783, 0.5815068226230004, 0.6334550592380765, 9.070309524537755e-5, 1.6915266067896264, 1.7447771487562278, 8.962328167275017e-5, 144.2530349470955, 144.2530047959699, 7.645774452303386, 7.6458658575975695, -87.88243632946562, 3.542902885485426e-7, 4.4268345915770424e-7]
Continuation Approach
Continuation for parameter vector 64
lc = [0.011314859281838412, 2.3776436518780615e-9, 0.9999999907109766, 0.9999999907094365, 0.9998061022068623, 0.9999999907109418, 0.9999999907093421, 0.9113226473730058, 0.9999748237485625, 0.0024394989654973336, 0.9967769067595204, 1.824735357154745e-8, 8.374441789612327e-5, 0.9996057327645972, 6.923194111608812e-5, 6.464674593767466e-5, 0.00017689889804020385, 0.26763512859544475, 0.0001942526957205256, 0.5005624003863799, 0.27217587061078496, 0.00019064024915914872, 0.6958132997827933, 0.695803983958573, 0.45228777716219776, 0.695751877548277, 0.695716939574891, 0.0073931018111510725, 0.0010055660668374467, 0.0005123641774914341, 0.9995490149204409, 0.9995490190224537, 0.5907981515188105, 0.6445672242665111, 8.347333717648592e-5, 1.5099758077921515, 1.5555681242719224, 8.231904186229944e-5, 144.5715506294987, 144.5715207731783, 7.364837570048721, 7.364926187613391, -87.9358018148171, 2.116380565500858e-7, 2.6438728247776125e-7]
Continuation Approach
Continuation for parameter vector 65
lc = [0.012795281528956629, 2.3709681923731027e-9, 0.9999999907407014, 0.9999999907389485, 0.9997834457442788, 0.9999999907406624, 0.9999999907388383, 0.906534150794091, 0.9999717163145945, 0.0026560046594193394, 0.9967738223513917, 1.8212024542938516e-8, 8.358146938153437e-5, 0.9996124878596023, 6.909351745466412e-5, 6.291370983463379e-5, 0.00017217824656080526, 0.277526324660654, 0.00019399882972577376, 0.5003079923227542, 0.27079411936807557, 0.00019020995405893425, 0.6962268827471334, 0.6962163016971629, 0.4527672850514999, 0.6961568531405544, 0.6961167620431247, 0.007384262346200411, 0.0010047603095112976, 0.0005119534189556216, 0.9995499487164605, 0.9995499533783596, 0.5869060646699502, 0.6397715109103231, 8.539698431497769e-5, 1.56953688454752, 1.6183266899587514, 8.416571764263727e-5, 144.4678804617225, 144.46784708817728, 7.456122826687856, 7.456218387219231, -87.94769904921554, 2.8343750380867384e-7, 3.541032852480885e-7]
Continuation Approach
Continuation for parameter vector 66
lc = [0.01361371546247115, 2.3738837680584013e-9, 0.9999999907275978, 0.999999990725707, 0.9997837860863402, 0.9999999907275559, 0.9999999907255892, 0.9071433749768774, 0.9999710851654537, 0.002919007817243332, 0.9967751994911712, 1.8229799835394646e-8, 8.370399476204435e-5, 0.9996808673407878, 6.915886436563177e-5, 4.467526653905935e-5, 0.00012184931922598696, 0.27714584114425667, 0.00019411456512175072, 0.4995939298839924, 0.26922206555709316, 0.00019039775658013155, 0.696046285083487, 0.6960349147403384, 0.4525528083869126, 0.6959709247529885, 0.6959276725991109, 0.007388121500489462, 0.0010051124957559411, 0.0005121329562297792, 0.9995495366166565, 0.9995495416301284, 0.584481597713062, 0.6372315388485358, 8.734635637284176e-5, 1.6012185401935264, 1.6536324377665887, 8.626796013204168e-5, 144.44500566703553, 144.44497439526742, 7.471900206968791, 7.47199139422293, -87.9425033368924, 2.74324215264419e-7, 3.4272356390297296e-7]
Continuation Approach
Continuation for parameter vector 67
lc = [0.0147487811221671, 2.3858113323593304e-9, 0.9999999906744689, 0.9999999906729502, 0.9997418570068745, 0.9999999906744333, 0.9999999906728554, 0.9007022263397454, 0.9999651764978651, 0.003461169359275891, 0.9967806936109916, 1.8291463500908448e-8, 8.396396389612119e-5, 0.9996257195041425, 6.940306601797237e-5, 5.9241664730227796e-5, 0.00016192652424379495, 0.2897288613471803, 0.00019456775311227473, 0.4979691052783401, 0.26604319984031366, 0.0001911662490182897, 0.6953085535724959, 0.6952994551423032, 0.4516981204026166, 0.6952482200921632, 0.6952135193446954, 0.0074038944749375, 0.001006549806963279, 0.0005128656684436267, 0.9995478691638704, 0.9995478731808067, 0.5762169724431301, 0.6279322743200653, 9.115110499200571e-5, 1.6892322891288565, 1.7404474293193946, 9.020371449854115e-5, 144.50283688196157, 144.50280670448208, 7.396613591369323, 7.396701163668357, -87.92129499900696, 2.95955007948117e-7, 3.697968572088294e-7]
Continuation Approach
Continuation for parameter vector 68
lc = [0.013032740506287997, 2.363257013415679e-9, 0.9999999907750537, 0.9999999907731276, 0.999815155515775, 0.9999999907750103, 0.9999999907730063, 0.9133377085186227, 0.9999759491873162, 0.0029529242225119975, 0.9967702368925204, 1.8171231324538005e-8, 8.339423408813684e-5, 0.999621976106039, 6.893360042061767e-5, 6.0464230109087515e-5, 0.00016548667319471775, 0.2636898612381831, 0.00019370371724848948, 0.5011855832881039, 0.27242459107780675, 0.00018971264494657827, 0.6967056509077887, 0.6966939745380009, 0.453324349833605, 0.6966282904794138, 0.696583975886047, 0.0073740344023132615, 0.0010038274965747933, 0.0005114778904850837, 0.999551029402229, 0.9995510345450097, 0.5919587231805464, 0.6459486911927035, 8.757839900651566e-5, 1.609423011138185, 1.657211969219988, 8.653019659784766e-5, 144.3869184704238, 144.3868866177954, 7.529096201695882, 7.5291857239258775, -87.961482681478, 2.810582587988397e-7, 3.5115795346123444e-7]
Continuation Approach
Continuation for parameter vector 69
lc = [0.009925365664600411, 2.3609125484208322e-9, 0.999999990785626, 0.9999999907838807, 0.9998442777503755, 0.9999999907855861, 0.9999999907837716, 0.91993389359241, 0.9999793975257698, 0.0021269105480439068, 0.9967691138487378, 1.81572733760182e-8, 8.330340767025306e-5, 0.9995773275747452, 6.888174698814664e-5, 7.237228036196706e-5, 0.00019836984763789463, 0.25034901516909697, 0.00019360882503956483, 0.5021775668274838, 0.27487836723474907, 0.00018956154852561887, 0.6968512915169482, 0.6968406625782261, 0.45349918240901343, 0.6967813317898495, 0.6967417214390264, 0.007370924348748227, 0.001003543392186594, 0.0005113330601132145, 0.9995513624452527, 0.9995513671156081, 0.5976707077131372, 0.6534018053886328, 8.050448993114394e-5, 1.4421311390112401, 1.4842962930993835, 7.942922893949258e-5, 144.5414193837251, 144.54138991568396, 7.409310761425155, 7.409394712722417, -87.96567753976706, 1.5661529325303194e-7, 1.9563968756297552e-7]
Continuation Approach
Continuation for parameter vector 70
lc = [0.012320804673875066, 2.360120929683519e-9, 0.9999999907893082, 0.9999999907878265, 0.9997423833990444, 0.9999999907892744, 0.9999999907877349, 0.9004175933032316, 0.999964961000498, 0.0026943360136382657, 0.9967687080153667, 1.8155847671442767e-8, 8.334436759272164e-5, 0.9996625745997706, 6.88711610932977e-5, 4.9689204463929625e-5, 0.0001357755265185371, 0.290685275164375, 0.00019357254548308685, 0.4995226109238838, 0.26730211844792523, 0.000189510678429079, 0.6969003546339644, 0.6968913455539691, 0.4535627119063521, 0.696840819979006, 0.696806825634371, 0.007369877012913453, 0.0010034473565522337, 0.0005112841031994224, 0.999551478808713, 0.9995514827719105, 0.5765537918496734, 0.6284437094214979, 8.550592744853675e-5, 1.5566443586794616, 1.6045827276333742, 8.448117390385501e-5, 144.70979738613352, 144.70976642912342, 7.216773575156054, 7.2168611632272155, -87.96709044665226, 2.1860397052530354e-7, 2.7310100153386666e-7]
Continuation Approach
Continuation for parameter vector 71
lc = [0.014694794361331472, 2.3730458091810746e-9, 0.9999999907315051, 0.9999999907299136, 0.9997385469891118, 0.9999999907314658, 0.9999999907298116, 0.89931020457645, 0.9999655710193154, 0.0030640070448813084, 0.9967747713736484, 1.8222713795080448e-8, 8.362543100718717e-5, 0.9996008007762847, 6.91359826620709e-5, 6.600537843447533e-5, 0.00018068722435097924, 0.29135040718799243, 0.00019407590409919242, 0.49900041715643684, 0.267408303917929, 0.00019034397317009571, 0.6960980084199805, 0.6960884089723487, 0.45261996310351255, 0.6960343627230435, 0.6959977814233781, 0.007387016489678429, 0.001005011232368158, 0.0005120813342396442, 0.9995496598270486, 0.9995496640595758, 0.5782329052387789, 0.6298698920227376, 8.830112724887786e-5, 1.6305393184118013, 1.6865408615042403, 8.7367659879552e-5, 144.59306821991834, 144.59303770168165, 7.317455075662594, 7.3175426976187365, -87.94399060483869, 3.076478281858732e-7, 3.843592058960024e-7]
Continuation Approach
Continuation for parameter vector 72
lc = [0.012778682786736804, 2.3662582222518722e-9, 0.9999999907618601, 0.9999999907603175, 0.9998083462774199, 0.9999999907618253, 0.9999999907602225, 0.9118525195864309, 0.9999747312393459, 0.003021769819992017, 0.9967715939963362, 1.818804672605038e-8, 8.348732473938592e-5, 0.9996464905834574, 6.899787306194651e-5, 5.390766155187313e-5, 0.00014737138391011055, 0.2667976930122068, 0.00019381193974949142, 0.5010263361565938, 0.272111433819711, 0.0001899064666863394, 0.6965189756706183, 0.6965096224984795, 0.45311415213805734, 0.6964571214276285, 0.6964217880671736, 0.007378022161682234, 0.0010041907172219583, 0.0005116630527011644, 0.9995506145616444, 0.9995506186798049, 0.5900472785677751, 0.6439343283429347, 8.796905651218234e-5, 1.6042625825556327, 1.6520728336729207, 8.705356785360753e-5, 144.59437587930466, 144.59434647184594, 7.322520388977739, 7.32260417967651, -87.95610613485074, 2.4130435179646765e-7, 3.014852351580172e-7]
Continuation Approach
Continuation for parameter vector 73
lc = [0.015727527020062387, 2.419253070287807e-9, 0.9999999905246497, 0.9999999905229928, 0.9997492153858973, 0.9999999905246146, 0.999999990522883, 0.9014302601917966, 0.9999671414996738, 0.0033922757239343735, 0.9967960513047455, 1.8468296202945844e-8, 8.478904381990909e-5, 0.9996075732530375, 7.00950198329626e-5, 6.374657081811585e-5, 0.00017405065854703123, 0.28713278320475216, 0.00019585692715929425, 0.4965362326845832, 0.26595645970640935, 0.00019331601994066903, 0.6932551454208866, 0.6932453021985834, 0.449300606462454, 0.6931898800631009, 0.6931522750316778, 0.007447858558793091, 0.00101055277358723, 0.0005149063054024862, 0.9995431835558212, 0.9995431879151093, 0.5792420279133561, 0.6309610021523804, 9.076801174256258e-5, 1.7009584277929142, 1.7555958307545683, 8.972849479228232e-5, 144.08332602305143, 144.0832937809416, 7.8134652214768225, 7.813557868369519, -87.86241753197116, 3.660088135407147e-7, 4.573259907917111e-7]
Continuation Approach
Continuation for parameter vector 74
lc = [0.013373321015557656, 2.3714651174627534e-9, 0.9999999907385204, 0.999999990736846, 0.9998315663299553, 0.9999999907384829, 0.9999999907367395, 0.9165904413319442, 0.999978020384106, 0.0029723123163348216, 0.9967740449154223, 1.821705813657923e-8, 8.364611141539378e-5, 0.99968499779139, 6.910887841868186e-5, 4.360084837418872e-5, 0.00011890116757813811, 0.25675770189471686, 0.00019401651977505132, 0.5014768525671383, 0.27416561375823867, 0.00019024203719061067, 0.696196027917497, 0.696185897314526, 0.4527328055647372, 0.6961289344441415, 0.6960905020976752, 0.007384921750477708, 0.0010048203292693878, 0.0005119840157843772, 0.9995498802802206, 0.9995498847449802, 0.5961684973398753, 0.6510801748382261, 8.770287392514279e-5, 1.6047717756576583, 1.6557023852763564, 8.667803114706374e-5, 144.52299170030153, 144.52296035986407, 7.393382665655818, 7.3934721312866065, -87.94681101483035, 2.856436557894114e-7, 3.5687355819355956e-7]
Continuation Approach
Continuation for parameter vector 75
lc = [0.01248358116432023, 2.400883604981022e-9, 0.999999990606862, 0.99999999060507, 0.9997844058153695, 0.9999999906068215, 0.9999999906049568, 0.9082028367402775, 0.999969949189782, 0.0027610896905269156, 0.9967876776097252, 1.837260105517058e-8, 8.436566873347674e-5, 0.9996584234691362, 6.971806399372582e-5, 5.0373264168316366e-5, 0.0001373741768466715, 0.2773312274344874, 0.0001951543768154633, 0.4976145480198346, 0.2668403998206419, 0.00019213572631952348, 0.6943806328147978, 0.6943699067108188, 0.4506085772889584, 0.694309808457424, 0.6942693521574692, 0.0074237497361772575, 0.0010083589506534102, 0.0005137879348146404, 0.99954575124437, 0.9995457559801428, 0.5812346309563177, 0.6339117990857955, 8.608328228867766e-5, 1.5691994062857748, 1.6174963594670455, 8.502335730007369e-5, 144.30942308910733, 144.30939419090984, 7.61455361240551, 7.614640358921646, -87.89466178167862, 2.2134533501951019e-7, 2.765321104707026e-7]
Continuation Approach
Continuation for parameter vector 76
lc = [0.016044147054290685, 2.4183444526234293e-9, 0.9999999905286505, 0.9999999905268653, 0.9997737762398173, 0.9999999905286111, 0.9999999905267576, 0.9050708636297351, 0.9999707645459242, 0.0035316466609686356, 0.9967956535171008, 1.8463335155022655e-8, 8.476315176994478e-5, 0.9996031066725334, 7.007585747620595e-5, 6.494689165848381e-5, 0.00017736197841610908, 0.2788105753575884, 0.00019582470877785245, 0.4970862590223402, 0.2673880810765384, 0.00019325759613039118, 0.6933107418832056, 0.6933001684374832, 0.449362580531098, 0.6932405781671287, 0.6932001172378672, 0.007446666832256726, 0.0010104445731272435, 0.0005148511467412843, 0.9995433082932261, 0.999543312976933, 0.583643363306933, 0.6359696349400733, 9.160672920985059e-5, 1.7155176279148345, 1.7711659534349835, 9.06805828111878e-5, 144.03430976044905, 144.03427814347128, 7.859364294408896, 7.859453830816744, -87.86400904270168, 3.61044496987967e-7, 4.5113009612423773e-7]
Continuation Approach
Continuation for parameter vector 77
lc = [0.01434498153587128, 2.3828043260248596e-9, 0.9999999906877177, 0.9999999906858364, 0.9998185230520026, 0.9999999906876756, 0.9999999906857184, 0.9135276340820757, 0.999976360826067, 0.003181060541475484, 0.9967793458746198, 1.8275498508496884e-8, 8.388928267736686e-5, 0.9996267927672043, 6.934058782197486e-5, 5.898598715757641e-5, 0.0001612461146641939, 0.26274554569878805, 0.0001944592935127036, 0.5002256534729284, 0.2720538472937406, 0.0001909723833655325, 0.6954944580397189, 0.6954831795025268, 0.45190737985391755, 0.6954196507997181, 0.6953766583588289, 0.007399918307251221, 0.0010061880152152898, 0.0005126812342228079, 0.9995482843377319, 0.999548289316229, 0.5927547955165555, 0.6468329942138208, 8.924882840676831e-5, 1.6528237702272115, 1.7045301599642049, 8.823113376067864e-5, 144.33780167096916, 144.33777049715076, 7.568937999587861, 7.5690276552461615, -87.92663730057781, 3.2885501382042114e-7, 4.108875326778075e-7]
Continuation Approach
Continuation for parameter vector 78
lc = [0.009522514673314752, 2.36360016252623e-9, 0.9999999907738364, 0.9999999907724967, 0.9998233552245784, 0.9999999907738075, 0.9999999907724144, 0.9152569127590995, 0.9999767049029221, 0.001975853575056368, 0.996770324208743, 1.817447118634642e-8, 8.34333426944088e-5, 0.9996644904181624, 6.894380757448189e-5, 4.914311005698411e-5, 0.00013424416139685153, 0.25989637892474093, 0.00019370471172496802, 0.5018044114244046, 0.2738967511795612, 0.0001897351933116053, 0.6966839587285925, 0.6966757323001753, 0.4533118674226781, 0.696629924958411, 0.6965994191373869, 0.007374498419915196, 0.0010038688909581915, 0.000511498992464313, 0.9995509918374302, 0.9995509954504133, 0.59339276631148, 0.6482209859641853, 7.902802425786972e-5, 1.4083201401413732, 1.4503832368653455, 7.792024506108109e-5, 144.77972474907295, 144.77969591531826, 7.177934371078136, 7.178018207101749, -87.96085656618017, 1.3903905271162624e-7, 1.7367393721728325e-7]
Continuation Approach
Continuation for parameter vector 79
lc = [0.013366314632707906, 2.3906799922828204e-9, 0.9999999906524933, 0.9999999906506322, 0.9997973073860339, 0.9999999906524515, 0.9999999906505143, 0.9099601474438364, 0.9999731519227362, 0.003048306582272926, 0.9967829883146707, 1.8318245566769962e-8, 8.410611692949767e-5, 0.9996533442034357, 6.950600224073727e-5, 5.183208455463497e-5, 0.00014146628951028635, 0.27136334809181695, 0.00019476286924571576, 0.4989764101578536, 0.26944103764510385, 0.00019147935485755237, 0.6950085135455962, 0.694997354087229, 0.45133986453982505, 0.6949346073183675, 0.6948922195054015, 0.007410312211682412, 0.0010071351634353297, 0.0005131640716427798, 0.9995471798821891, 0.9995471848094485, 0.5868574263511185, 0.6399994450362599, 8.840480651799825e-5, 1.6276066817311299, 1.6757308707784713, 8.72531035260736e-5, 144.32983739721934, 144.3298070001334, 7.582465781032184, 7.5825572468987135, -87.9126788748291, 2.8882641022178443e-7, 3.6087107518646134e-7]
Continuation Approach
Continuation for parameter vector 80
lc = [0.012613948850400087, 2.357955013261229e-9, 0.9999999907987784, 0.999999990796929, 0.999814168367681, 0.9999999907987366, 0.9999999907968149, 0.9133517703618781, 0.9999749913156274, 0.0028671467037363852, 0.9967677367855021, 1.8143780407897397e-8, 8.327886915627332e-5, 0.9996472963249594, 6.882489578571063e-5, 5.37780844833248e-5, 0.00014707669614872344, 0.26513481641445175, 0.00019349621911779905, 0.5012440314026705, 0.27188849838125234, 0.00018937066936233245, 0.6970353691734575, 0.6970241455840732, 0.4537128719819599, 0.6969610767176381, 0.6969185953885769, 0.007366993756178092, 0.0010031847981331165, 0.0005111502565526797, 0.999551776725049, 0.9995517816644001, 0.5900409174740612, 0.6440488766232738, 8.682647722022221e-5, 1.5791147895886184, 1.6280374261554373, 8.586541608334678e-5, 144.5489678063237, 144.54893797899584, 7.372828382184423, 7.372913777788094, -87.97098186833888, 2.312516216543023e-7, 2.88911995316082e-7]
Continuation Approach
Continuation for parameter vector 81
lc = [0.012229269783997194, 2.3697038755584567e-9, 0.9999999907462919, 0.9999999907444423, 0.9998234551680045, 0.9999999907462507, 0.9999999907443283, 0.9150727058270822, 0.999976839508481, 0.002738765294690699, 0.9967732448184387, 1.8207736814461078e-8, 8.36032882504592e-5, 0.9996870280506319, 6.907232472614286e-5, 4.307893512916918e-5, 0.00011747220944989039, 0.26046579435490474, 0.00019395200263399925, 0.5010446289121464, 0.2727620231812587, 0.00019012838384343495, 0.6963053507527664, 0.6962941489730611, 0.4528569132690454, 0.696231254738484, 0.6961889118440863, 0.007382585596789618, 0.0010046075365276086, 0.0005118755384629218, 0.9995501244772496, 0.9995501294113973, 0.5933049970276917, 0.6476811311416923, 8.595915315059168e-5, 1.5670895406140195, 1.6137647266231379, 8.484413341957419e-5, 144.48157706474757, 144.4815459902103, 7.44308641445025, 7.4431762420324, -87.94995746109188, 2.4956379414142186e-7, 3.117918615839687e-7]
Continuation Approach
Continuation for parameter vector 82
lc = [0.012599925297583445, 2.4002426473935092e-9, 0.9999999906097297, 0.9999999906079305, 0.9997527223476625, 0.9999999906096894, 0.9999999906078166, 0.902845552448144, 0.9999664195151692, 0.0028746046109183656, 0.9967873839529138, 1.836618993936741e-8, 8.42847628592716e-5, 0.9995662516168355, 6.969839229314106e-5, 7.494883665801098e-5, 0.00020507104062093202, 0.28618399334262934, 0.00019512984260629682, 0.4969025059646261, 0.2649123104836744, 0.00019209451117051498, 0.6944200170568493, 0.6944092606900643, 0.4506543943913968, 0.6943489320184204, 0.6943082633919909, 0.007422906602906399, 0.0010082821860403508, 0.0005137488016702079, 0.999545840927961, 0.9995458456782107, 0.5761638873187576, 0.6279221825184973, 8.70416612572465e-5, 1.5906186882549782, 1.637392299774791, 8.592407700497114e-5, 144.29418381906777, 144.29415387185097, 7.625710002939908, 7.625799446598078, -87.89579130661133, 2.3232737865338436e-7, 2.9026572579791395e-7]
Continuation Approach
Continuation for parameter vector 83
lc = [0.012341710384890226, 2.4281555591168107e-9, 0.9999999904847567, 0.9999999904831417, 0.9997864207646042, 0.9999999904847171, 0.9999999904830399, 0.9079058677079833, 0.999971734709264, 0.0028458685857639943, 0.9968000819175074, 1.8517276894243743e-8, 8.505219427162973e-5, 0.9996641228754172, 7.028304645536372e-5, 4.857086952496824e-5, 0.00013222551104644616, 0.27520505455793176, 0.0001961967724734176, 0.4968495804548058, 0.2677339407295593, 0.00019388737416662063, 0.6927119610681216, 0.6927023706843725, 0.448670027846203, 0.6926487358909392, 0.692612671173956, 0.007459504026369589, 0.0010116117024753768, 0.0005154461287383205, 0.9995419404743752, 0.9995419447175597, 0.5848331749927466, 0.6376304103307816, 8.685770377788055e-5, 1.588272294331519, 1.633663123010182, 8.569923288132597e-5, 144.08066413093277, 144.08063432298908, 7.839943277221019, 7.840033128950812, -87.8468794544851, 2.4149672266969877e-7, 3.017250897344324e-7]
Continuation Approach
Continuation for parameter vector 84
lc = [0.013076460909024744, 2.3585787950708667e-9, 0.9999999907958302, 0.9999999907936842, 0.9997403447469607, 0.9999999907957822, 0.9999999907935507, 0.8996730779648859, 0.9999653338365951, 0.0026211787073728682, 0.9967680678144265, 1.8146766443054938e-8, 8.328729725044296e-5, 0.9996370531462859, 6.883712382185779e-5, 5.649810121396048e-5, 0.00015457920044513758, 0.29175476096346603, 0.00019352670902370226, 0.49915365490095165, 0.26648603701099355, 0.00018941070294690667, 0.6969967333274624, 0.696983740267359, 0.45366091223617294, 0.6969106036013062, 0.6968611733096828, 0.007367818285274561, 0.0010032605473418812, 0.0005111888718699558, 0.9995516834710879, 0.9995516891919214, 0.5768907158232244, 0.628274275803049, 8.505401858230619e-5, 1.5598028335382432, 1.6116205241121868, 8.387489802137053e-5, 144.48839557208248, 144.48836389111594, 7.4370730243419185, 7.437166261801105, -87.96986914315328, 2.6309193192639567e-7, 3.2866908834019656e-7]
Continuation Approach
Continuation for parameter vector 85
lc = [0.014332429083667686, 2.375763514649404e-9, 0.9999999907190742, 0.9999999907169578, 0.999795625303034, 0.9999999907190179, 0.9999999907168308, 0.9089044499855553, 0.9999736081183385, 0.002914701224594145, 0.9967761033321941, 1.8236541129312082e-8, 8.368020623407867e-5, 0.9995813756435155, 6.919099765795185e-5, 7.115237226527977e-5, 0.00019485555981669538, 0.2717345808258868, 0.00019419201966989173, 0.4999194995601359, 0.2704733058098249, 0.00019051871500464003, 0.6959300213648814, 0.6959173307406566, 0.45241175193600197, 0.6958458009192748, 0.6957973527745339, 0.007390606119478906, 0.0010053394342008277, 0.0005122486447951159, 0.9995492684754269, 0.9995492740743491, 0.5884927053079072, 0.6415693486848082, 8.728200666243709e-5, 1.605303345649057, 1.6615797422035088, 8.623367661150162e-5, 144.32405816537715, 144.32402570344127, 7.59147640521976, 7.591568850143325, -87.93915972376422, 3.114967877599958e-7, 3.8915399643909294e-7]
Continuation Approach
Continuation for parameter vector 86
lc = [0.012343458300999392, 2.4064341609875886e-9, 0.9999999905821609, 0.9999999905806467, 0.9997660497178403, 0.9999999905821262, 0.999999990580552, 0.9043703418267603, 0.9999688905079326, 0.0028764609556312963, 0.9967901872991257, 1.8398342211234357e-8, 8.442542883660873e-5, 0.9995439075448311, 6.982526718566484e-5, 8.084788890324511e-5, 0.00022124848730408143, 0.2821649299029022, 0.00019536193906683267, 0.4975508277666631, 0.26715791070448425, 0.00019249272492132246, 0.6940397418689072, 0.6940306911139092, 0.45021729705403374, 0.693980028596227, 0.6939459554052391, 0.007431049226177252, 0.0010090230348804804, 0.0005141264724870118, 0.9995449792436629, 0.9995449832407736, 0.5809277866951775, 0.633214736374102, 8.700563940140176e-5, 1.586112009767744, 1.63195676013302, 8.593894370691334e-5, 144.39079548755436, 144.3907668729014, 7.530113187206924, 7.530199607677816, -87.88488799484642, 2.290452775097587e-7, 2.861653590942681e-7]
Continuation Approach
Continuation for parameter vector 87
lc = [0.014209094299531953, 2.424206979283357e-9, 0.9999999905022121, 0.9999999905001284, 0.9997622663503789, 0.9999999905021648, 0.9999999905000029, 0.9041701659797377, 0.9999681287308158, 0.0031982349556023337, 0.9967983508905452, 1.8496094285297736e-8, 8.494743944975199e-5, 0.9996555582571028, 7.020070356072112e-5, 5.089678261312665e-5, 0.0001386513364499377, 0.2834622631200484, 0.00019605540040007615, 0.4957302396848755, 0.264534268758782, 0.00019363369006296867, 0.6929529798545067, 0.6929406779759975, 0.44894008477427966, 0.692871480005691, 0.6928245985158396, 0.007454335393328389, 0.0010111424974709683, 0.0005152069362044036, 0.9995424835406787, 0.999542488990257, 0.57851750716104, 0.630213147988369, 8.955615094631946e-5, 1.6625116199984207, 1.7121212907560768, 8.83560522221723e-5, 144.03296930841486, 144.03293922846683, 7.872195230535857, 7.872288529981485, -87.85377306839287, 3.1261308280371325e-7, 3.9060465164704153e-7]
Continuation Approach
Continuation for parameter vector 88
lc = [0.01422177251036374, 2.379700331198727e-9, 0.9999999907016319, 0.9999999906998088, 0.9997512699230033, 0.9999999907015915, 0.9999999906996947, 0.9018518691952494, 0.9999673759123732, 0.0032915159661795947, 0.9967778975951032, 1.8261197919238738e-8, 8.385963241243207e-5, 0.9996939598908102, 6.928074050650757e-5, 4.112666989550705e-5, 0.0001120278206235905, 0.2865708318114085, 0.0001943381128395406, 0.4983863885637331, 0.2666013751242418, 0.00019077253026253367, 0.69568626054361, 0.695675325390427, 0.452133011264295, 0.6956137181022393, 0.6955719993474582, 0.007395817332803096, 0.001005814086892569, 0.0005124906130869869, 0.9995487211046311, 0.9995487259304238, 0.5786106224087098, 0.6302683089114629, 9.00477581953532e-5, 1.6641918391079633, 1.7144139453546199, 8.902371110674478e-5, 144.48524617752494, 144.48521705934687, 7.419374335497177, 7.419462278201171, -87.93214998858333, 3.008991566074689e-7, 3.7596617792680434e-7]
Continuation Approach
Continuation for parameter vector 89
lc = [0.009882967943743893, 2.356495335151556e-9, 0.9999999908053769, 0.9999999908036699, 0.999811315432584, 0.9999999908053383, 0.9999999908035633, 0.9128072450404302, 0.999975207706441, 0.0020650402639357484, 0.9967670316276387, 1.8135466590906393e-8, 8.323050997344939e-5, 0.9996312540553859, 6.879340028109125e-5, 5.806242092770958e-5, 0.0001589144925925734, 0.2648293803965212, 0.0001934363933467535, 0.5014839009623171, 0.27228769483040766, 0.000189276579739108, 0.6971261621186173, 0.6971157757019889, 0.4538226444695548, 0.6970577846887951, 0.6970190508437285, 0.007365055566891348, 0.001003007643634676, 0.0005110599470111584, 0.9995519847635028, 0.9995519893256017, 0.5901766071365414, 0.6442440111586751, 7.995429930803364e-5, 1.4292865769235916, 1.4721208606781575, 7.88206426069468e-5, 144.61848500360702, 144.6184552155936, 7.334758791368933, 7.33484485790178, -87.9735983631287, 1.4931132295538748e-7, 1.8650929929163394e-7]
Continuation Approach
Continuation for parameter vector 90
lc = [0.010988280200152535, 2.3682198703300793e-9, 0.9999999907530897, 0.9999999907515337, 0.9998097282453382, 0.9999999907530548, 0.9999999907514351, 0.9124095992143947, 0.9999749930847829, 0.0023953182568602184, 0.9967725136764496, 1.8196527214723787e-8, 8.349361611424179e-5, 0.9995862353283037, 6.903455981100389e-5, 6.99306495395955e-5, 0.00019156066462570488, 0.26599369898888453, 0.00019388822684157948, 0.5010717004394609, 0.2724842730493528, 0.00019003293041548446, 0.6963972267059088, 0.6963877817065117, 0.45297115556829537, 0.6963349641256906, 0.6962995854439629, 0.007380623032104118, 0.001004428024368783, 0.0005117840269092559, 0.999550338514025, 0.9995503426690141, 0.590779581674929, 0.6448250085655712, 8.304034166108734e-5, 1.4992536230794893, 1.5435778051623472, 8.192772666446813e-5, 144.54956541994318, 144.54953435942144, 7.389186809484172, 7.389274965500806, -87.95260121023259, 1.9439892325470922e-7, 2.428513672463477e-7]
Continuation Approach
Continuation for parameter vector 91
lc = [0.01384934145460003, 2.3913056604454824e-9, 0.9999999906498985, 0.9999999906483943, 0.9998259394500567, 0.9999999906498622, 0.9999999906482839, 0.9153103709457281, 0.9999773502099379, 0.0032641781743190123, 0.9967832320241213, 1.8321669099474925e-8, 8.412372451752882e-5, 0.9996560869469754, 6.9519269526465e-5, 5.109471047906926e-5, 0.0001394300421600718, 0.2590522147138876, 0.00019477941063575076, 0.5003707203145776, 0.27331349760963847, 0.00019151987715146438, 0.6949697299939803, 0.694960719966128, 0.45130254618009913, 0.694910095226784, 0.6948759339298252, 0.007411142434051488, 0.0010072102093395918, 0.0005132023285789162, 0.9995470988364183, 0.999547102814012, 0.595055976045019, 0.6497464532066732, 8.981347620200642e-5, 1.6573956095099847, 1.7063509418368574, 8.883006663309611e-5, 144.36235968666395, 144.36232757481406, 7.5438083218142475, 7.543897494502117, -87.91156453428788, 3.059133393186702e-7, 3.8223304496775185e-7]
Continuation Approach
Continuation for parameter vector 92
lc = [0.011735035039392057, 2.343269396002107e-9, 0.999999990864358, 0.9999999908625662, 0.9997493955348644, 0.9999999908643175, 0.9999999908624557, 0.9016144758614727, 0.9999662078021566, 0.0024612089020635036, 0.9967607932356104, 1.8066728146945454e-8, 8.293905760880117e-5, 0.9996897172349584, 6.852146897744854e-5, 4.264364393176649e-5, 0.00011643354328211793, 0.28835178097306086, 0.00019292368626767827, 0.5002737870511612, 0.2675590109008206, 0.00018842254718327213, 0.697951553981463, 0.6979406102938635, 0.4547903318493711, 0.697879184397268, 0.6978378641668553, 0.007347442071447264, 0.001001399269655081, 0.0005102400333728476, 0.9995538459376327, 0.9995538507453294, 0.5772936271427086, 0.6291416986332887, 8.35928848035109e-5, 1.5154436309085135, 1.562933752407605, 8.250843942841805e-5, 144.79112009344905, 144.79109026364097, 7.143886034527953, 7.143973316696467, -87.99740829461437, 2.0476544591241523e-7, 2.5579731334257966e-7]
Continuation Approach
Continuation for parameter vector 93
lc = [0.012952651274757162, 2.389769833435654e-9, 0.999999990656427, 0.9999999906543117, 0.9997920510389882, 0.9999999906563762, 0.9999999906541811, 0.9086094269795038, 0.9999730372919485, 0.0027978448320642975, 0.9967825996539523, 1.8313980658659177e-8, 8.409593156144192e-5, 0.9996708697212998, 6.94882260174253e-5, 4.717181562619809e-5, 0.00012862900733994008, 0.2732582426133704, 0.0001947330829628819, 0.49896272598547514, 0.26943471586214834, 0.00019142060014288917, 0.6950647727889261, 0.6950521005960874, 0.4513999766829221, 0.694980858352213, 0.6949327412345904, 0.0074091082947160825, 0.001007025891570342, 0.0005131083669854229, 0.999547302813141, 0.9995473084076022, 0.5872860502738418, 0.6401132439786343, 8.657777633435068e-5, 1.5894168248851361, 1.638111410433415, 8.531810844464771e-5, 144.21719115982654, 144.21715923435355, 7.702743629770347, 7.702839116764618, -87.91429483799092, 2.848760655143504e-7, 3.559136815571292e-7]
Continuation Approach
Continuation for parameter vector 94
lc = [0.011278327132427997, 2.385265619263326e-9, 0.999999990676908, 0.9999999906753945, 0.9998118731039813, 0.9999999906768734, 0.9999999906752998, 0.9130596046456918, 0.9999751735603304, 0.0024495001741201743, 0.996780440795285, 1.8289562655584323e-8, 8.397211236676437e-5, 0.9996561025915457, 6.939383516936645e-5, 5.115279187235299e-5, 0.00013963339445195787, 0.2650898902277177, 0.00019454657101178883, 0.5000775663150212, 0.2716958414944674, 0.00019113111457970871, 0.6953422395730402, 0.6953331234585547, 0.4517375182248531, 0.695282160310712, 0.6952479969055945, 0.0074031740126091344, 0.0010064841552955598, 0.00051283220052732, 0.9995479456921789, 0.9995479497086062, 0.5905288250442802, 0.6445501569409041, 8.357899890121515e-5, 1.5138188554766234, 1.558534222816029, 8.240726042627416e-5, 144.52576985544002, 144.5257402930464, 7.409992641400264, 7.410081208956433, -87.92226274638172, 2.124133256053707e-7, 2.6536053793076335e-7]
Continuation Approach
Continuation for parameter vector 95
lc = [0.011018167929978633, 2.3592983559970646e-9, 0.9999999907928663, 0.9999999907911656, 0.9997918179163385, 0.9999999907928301, 0.9999999907910591, 0.9089172780375518, 0.9999723801793008, 0.002309884065822856, 0.9967683490718093, 1.8150814183434506e-8, 8.330966325654266e-5, 0.9996431054978532, 6.885263446842463e-5, 5.4879766995663685e-5, 0.00015010730259823905, 0.27326848688700117, 0.0001935451413370286, 0.500801154018202, 0.2707299916867212, 0.00018945745127854378, 0.6969516706078112, 0.6969413514512622, 0.45361806628997653, 0.6968835694102247, 0.6968448088922757, 0.007368781006257436, 0.0010033476847765444, 0.0005112332926633819, 0.9995515904999966, 0.9995515950373255, 0.5861121754682815, 0.6393957147191757, 8.235489107970558e-5, 1.4886236585201156, 1.533470030478795, 8.115515880930229e-5, 144.59308456835825, 144.59305295789673, 7.347800369609363, 7.347891406585544, -87.96856955913816, 1.9522889107440944e-7, 2.438821701958284e-7]
Continuation Approach
Continuation for parameter vector 96
lc = [0.012215999371895997, 2.362503523783947e-9, 0.9999999907785891, 0.9999999907769482, 0.9997491763019625, 0.9999999907785511, 0.9999999907768456, 0.9015070264062375, 0.999966081942267, 0.002707787646154309, 0.996769845998319, 1.8167778050430075e-8, 8.338741822819041e-5, 0.999638983812633, 6.891914423956374e-5, 5.59442965108634e-5, 0.00015302017629046378, 0.2884154542868888, 0.00019366823704139072, 0.4993697087073695, 0.2672225541613104, 0.0001896642597142889, 0.6967522947632826, 0.6967423773223377, 0.45338563880637645, 0.6966867301414426, 0.696649272864873, 0.007373038605481875, 0.0010037361419661015, 0.0005114313198450287, 0.9995511408293197, 0.9995511451937974, 0.577452807124714, 0.6293509916081431, 8.56363958541463e-5, 1.5515002434908562, 1.5999834837847866, 8.459137856474499e-5, 144.6861006204726, 144.68607114034407, 7.241335981228235, 7.241423028116537, -87.96282546978382, 2.08053642408526e-7, 2.599172693019689e-7]
Continuation Approach
Continuation for parameter vector 97
lc = [0.013485136746482267, 2.3571753998809064e-9, 0.9999999908024275, 0.999999990800882, 0.999799185877036, 0.9999999908023915, 0.9999999908007848, 0.9100640223859029, 0.9999736612122712, 0.003260731463575157, 0.9967673312022987, 1.8140613177903232e-8, 8.328079596809362e-5, 0.9996773168757728, 6.881078430811346e-5, 4.5796174705232174e-5, 0.0001250502435815854, 0.2702400804776741, 0.00019345954699903563, 0.5013590234468075, 0.2719676304777504, 0.0001893205863820763, 0.6970837074181733, 0.6970743161086217, 0.4537764145824566, 0.6970214590024606, 0.6969857825771106, 0.0073659621339685144, 0.0010030901232495023, 0.0005111019933374981, 0.9995518920992343, 0.9995518962337362, 0.5886259688855282, 0.6422085645005953, 8.975503217068499e-5, 1.6519199837088923, 1.699198695550536, 8.880581916293269e-5, 144.63674146622657, 144.63671011630038, 7.270739086547029, 7.270826127399354, -87.97237428706455, 2.79169011326818e-7, 3.4881801377504326e-7]
Continuation Approach
Continuation for parameter vector 98
lc = [0.013730102287802208, 2.392668021314425e-9, 0.9999999906435627, 0.9999999906416372, 0.9997406947757592, 0.9999999906435192, 0.9999999906415156, 0.9004305905219017, 0.9999651004078195, 0.0030388114677162544, 0.9967839136435893, 1.832881845603117e-8, 8.415626332432346e-5, 0.9996536885442922, 6.95472772771771e-5, 5.171990511035327e-5, 0.00014114269589419917, 0.29051414317655233, 0.0001948408380508985, 0.49715964150742686, 0.26484511462137394, 0.00019160722728020645, 0.6948860753250937, 0.6948745456398941, 0.4511954841915323, 0.6948097213177826, 0.6947658945916477, 0.007412931783624851, 0.0010073739154250903, 0.0005132857827534897, 0.9995468999920979, 0.999546905083583, 0.575576450755436, 0.6269304407963845, 8.821513623530512e-5, 1.6200872037557241, 1.6716594959740025, 8.718035351449566e-5, 144.28375436350478, 144.28372449919115, 7.629480676506975, 7.629569444720467, -87.9091640481165, 2.6174286781658787e-7, 3.2701661823220375e-7]
Continuation Approach
Continuation for parameter vector 99
lc = [0.014043300818068096, 2.414035047227331e-9, 0.999999990547924, 0.999999990546065, 0.9997277464161809, 0.9999999905478827, 0.9999999905459481, 0.8980231304997311, 0.9999637502714709, 0.0027307246493850053, 0.9967937011400542, 1.8440825786868935e-8, 8.466223783663312e-5, 0.9996127041535955, 6.998733033198165e-5, 6.242977958725382e-5, 0.0001704710735379862, 0.2948453683669699, 0.00019566098623925601, 0.4961079121328937, 0.2643687868982846, 0.00019298080916549151, 0.6935743159222559, 0.6935632704395026, 0.449667676367023, 0.6935012306078051, 0.6934592574253373, 0.007441018618665384, 0.0010099308579938342, 0.0005145892640251576, 0.9995439094460148, 0.999543914331871, 0.5752769030056799, 0.6263490361806856, 8.599250831486183e-5, 1.586493318389807, 1.641882025616406, 8.47759601837076e-5, 144.18767195880375, 144.18764068289804, 7.73191153732678, 7.732006641838787, -87.87155515089253, 3.006060322075226e-7, 3.7553578859302297e-7]
Continuation Approach
Continuation for parameter vector 100
lc = [0.01237063751705056, 2.4092650889639304e-9, 0.9999999905695027, 0.9999999905680119, 0.9998629762442238, 0.9999999905694683, 0.9999999905679174, 0.9243716047761203, 0.9999817899791161, 0.0031043401970404054, 0.9967914785602883, 1.8417462325805182e-8, 8.458423398070256e-5, 0.9996704186952681, 6.989267015291954e-5, 4.708829543551386e-5, 0.00012827070187603113, 0.24071246987735115, 0.0001954701022276358, 0.500252236050271, 0.27525599860375083, 0.00019267465777295223, 0.6938661724410194, 0.6938572938496685, 0.4500156681863008, 0.693807621068652, 0.6937742736315479, 0.007434766706220852, 0.001009361346166312, 0.0005142989373144235, 0.9995445835587223, 0.9995445874804479, 0.6027065505360125, 0.6596193654225906, 8.861262112198144e-5, 1.6176785135680027, 1.662056277019407, 8.767131968390933e-5, 144.21908583524333, 144.21905692353545, 7.69564529110808, 7.695728365708125, -87.87991414340831, 2.477647520123955e-7, 3.095743928042167e-7]
Running continuation approach benchmark
